case,cpu_s,method,repeat,replicate,variant,wall_s
ou_linear_gaussian,161.438395656,score_root,0,0,primary,161.44063966500107
ou_linear_gaussian,162.29324854599997,score_root,1,0,seed_repeat,162.29488220599887
ou_linear_gaussian,1.2352622529999735,kalman,0,0,primary,1.2352941060016747
ou_linear_gaussian,162.72562020199996,score_root,0,1,primary,162.72765503300616
ou_linear_gaussian,211.13346821099992,score_root,1,1,seed_repeat,211.14953646699723
ou_linear_gaussian,2.130087961000072,kalman,0,1,primary,2.130254777999653
ou_linear_gaussian,161.76035966300003,score_root,0,2,primary,161.76293046299543
ou_linear_gaussian,209.7487996839999,score_root,1,2,seed_repeat,209.75539614300214
ou_linear_gaussian,2.0703836710001724,kalman,0,2,primary,2.07054425500246
ou_linear_gaussian,279.18906033999997,score_root,0,3,primary,279.2026981050003
ou_linear_gaussian,277.85416395900006,score_root,1,3,seed_repeat,277.85781221800426
ou_linear_gaussian,2.097308269999985,kalman,0,3,primary,2.0973302310012514
ou_linear_gaussian,278.969925021,score_root,0,4,primary,278.97391276800045
ou_linear_gaussian,278.3133697879998,score_root,1,4,seed_repeat,278.3146473930028
ou_linear_gaussian,2.0490556340000694,kalman,0,4,primary,2.0490669829960098
ou_linear_gaussian,276.85612647999994,score_root,0,5,primary,276.858188993996
ou_linear_gaussian,2.062265183999898,kalman,0,5,primary,2.0623420069969143
ou_linear_gaussian,159.64934663000008,score_root,0,6,primary,159.65027046400064
ou_linear_gaussian,1.2173786379999,kalman,0,6,primary,1.2173974399993313
ou_linear_gaussian,161.0256739900001,score_root,0,7,primary,161.0270172870005
ou_linear_gaussian,1.2127119369999946,kalman,0,7,primary,1.2127181790056056
ou_linear_gaussian,189.58483400300008,score_root,0,8,primary,189.58637988199916
ou_linear_gaussian,2.0828256570000576,kalman,0,8,primary,2.0828494500019588
ou_linear_gaussian,157.2812960000001,score_root,0,9,primary,157.28218063199893
ou_linear_gaussian,1.2084364190000088,kalman,0,9,primary,1.2084868480014848
ou_linear_gaussian,160.96955574999993,score_root,0,10,primary,160.96951229799743
ou_linear_gaussian,1.2101913829999376,kalman,0,10,primary,1.2101896419990226
ou_linear_gaussian,278.40409234799995,score_root,0,11,primary,278.40917195400107
ou_linear_gaussian,2.0967786890000752,kalman,0,11,primary,2.0967795089964056
ou_linear_gaussian,163.59849149599995,score_root,0,12,primary,163.59977012599848
ou_linear_gaussian,1.2530672509999476,kalman,0,12,primary,1.2530954300018493
ou_linear_gaussian,278.3804041149999,score_root,0,13,primary,278.38157412399596
ou_linear_gaussian,2.0938152460000765,kalman,0,13,primary,2.0938114110031165
ou_linear_gaussian,288.24416768900005,score_root,0,14,primary,288.25331907800137
ou_linear_gaussian,2.081305625000141,kalman,0,14,primary,2.0813700150029035
ou_linear_gaussian,288.1015012569999,score_root,0,15,primary,288.12367592699593
ou_linear_gaussian,2.121453067000175,kalman,0,15,primary,2.121512557998358
ou_linear_gaussian,166.22799944999997,score_root,0,16,primary,166.22984153400466
ou_linear_gaussian,1.265289034000034,kalman,0,16,primary,1.2652995650059893
ou_linear_gaussian,294.11435388199993,score_root,0,17,primary,294.1164669339996
ou_linear_gaussian,1.2337753300000713,kalman,0,17,primary,1.2338024639975629
ou_linear_gaussian,158.32713790699995,score_root,0,18,primary,158.3282311419971
ou_linear_gaussian,1.2107316929998433,kalman,0,18,primary,1.2107295319947298
ou_linear_gaussian,168.28603229200007,score_root,0,19,primary,168.28865761499765
ou_linear_gaussian,1.2502845029998753,kalman,0,19,primary,1.250292766999337
ou_linear_gaussian,163.598916637,score_root,0,20,primary,163.59955078700295
ou_linear_gaussian,1.2234776870000132,kalman,0,20,primary,1.223475161998067
ou_linear_gaussian,167.47461593100002,score_root,0,21,primary,167.4747211300055
ou_linear_gaussian,1.2489219160001994,kalman,0,21,primary,1.2489198349940125
ou_linear_gaussian,287.05443316800006,score_root,0,22,primary,287.05840854700364
ou_linear_gaussian,2.0198290200000883,kalman,0,22,primary,2.0198504099971615
ou_linear_gaussian,162.07535058099984,score_root,0,23,primary,162.07633086300484
ou_linear_gaussian,1.20696074999978,kalman,0,23,primary,1.206965309997031
ou_linear_gaussian,283.84711341599996,score_root,0,24,primary,283.8795494849983
ou_linear_gaussian,1.2198161979999895,kalman,0,24,primary,1.2198288529980346
ou_linear_gaussian,274.43588052199993,score_root,0,25,primary,274.4484433000034
ou_linear_gaussian,1.1937784589999865,kalman,0,25,primary,1.1937949189959909
ou_linear_gaussian,254.64927613700002,score_root,0,26,primary,254.651663851997
ou_linear_gaussian,1.2318328280000514,kalman,0,26,primary,1.2318905409993022
ou_linear_gaussian,167.035904651,score_root,0,27,primary,167.0365242389962
ou_linear_gaussian,1.2653761970000232,kalman,0,27,primary,1.2653741070025717
ou_linear_gaussian,255.47814313999993,score_root,0,28,primary,255.48011353499896
ou_linear_gaussian,1.1916710570001214,kalman,0,28,primary,1.1916688779965625
ou_linear_gaussian,234.17037001599988,score_root,0,29,primary,234.17223733900028
ou_linear_gaussian,1.1655321979999371,kalman,0,29,primary,1.1655495679951855
ou_linear_gaussian,241.16856592599993,score_root,0,30,primary,241.17183352499706
ou_linear_gaussian,1.186240708000014,kalman,0,30,primary,1.1862386839929968
ou_linear_gaussian,245.87334068299992,score_root,0,31,primary,245.88307778599847
ou_linear_gaussian,1.1400714090000292,kalman,0,31,primary,1.1400704640036565
ou_linear_gaussian,158.56592395400003,score_root,0,32,primary,158.56700577899755
ou_linear_gaussian,1.1976889140000821,kalman,0,32,primary,1.1976919250009814
ou_linear_gaussian,219.960111397,score_root,0,33,primary,219.9638995100031
ou_linear_gaussian,1.1357623599999442,kalman,0,33,primary,1.13581429199985
ou_linear_gaussian,159.047080112,score_root,0,34,primary,159.0490006159962
ou_linear_gaussian,1.1879857429998992,kalman,0,34,primary,1.1880038349991082
ou_linear_gaussian,184.62108430600006,score_root,0,35,primary,184.62398231800034
ou_linear_gaussian,1.1970014379999157,kalman,0,35,primary,1.1970290710014524
ou_linear_gaussian,162.4807446289999,score_root,0,36,primary,162.48409071600327
ou_linear_gaussian,1.1865793609999855,kalman,0,36,primary,1.1866031469980953
ou_linear_gaussian,184.6035040039999,score_root,0,37,primary,184.60930627399648
ou_linear_gaussian,1.1109403319999274,kalman,0,37,primary,1.1109879340001498
ou_linear_gaussian,159.63820779700018,score_root,0,38,primary,159.64022515199758
ou_linear_gaussian,1.1465376749999905,kalman,0,38,primary,1.146535172003496
ou_linear_gaussian,184.2284071690001,score_root,0,39,primary,184.23558998099907
ou_linear_gaussian,1.109716513999956,kalman,0,39,primary,1.1097156169998925
ou_nonlinear_gaussian,291.05863182999997,score_root,0,0,primary,291.063486179999
ou_nonlinear_gaussian,292.67330861000005,score_root,1,0,seed_repeat,292.69622738999897
ou_nonlinear_gaussian,458.28296669099996,particle,0,0,primary,458.3192667539988
ou_nonlinear_gaussian,312.5822011339999,particle,1,0,seed_repeat,312.5928815540028
ou_nonlinear_gaussian,788.7734470699997,particle,0,0,particle_count,788.8159414839974
ou_nonlinear_gaussian,773.5441616379999,particle,0,0,grid_resolution,773.607099351997
ou_nonlinear_gaussian,199.333663809,score_root,0,1,primary,199.34392163099983
ou_nonlinear_gaussian,175.09393604399997,score_root,1,1,seed_repeat,175.11235651800234
ou_nonlinear_gaussian,873.9881124569999,particle,0,1,primary,874.0322384019964
ou_nonlinear_gaussian,332.610573638,particle,1,1,seed_repeat,332.64802309699735
ou_nonlinear_gaussian,846.7942908709999,particle,0,1,particle_count,846.8285416059953
ou_nonlinear_gaussian,659.06550513,particle,0,1,grid_resolution,659.0964210270031
ou_nonlinear_gaussian,288.510489463,score_root,0,2,primary,288.52355671900295
ou_nonlinear_gaussian,190.28736946000004,score_root,1,2,seed_repeat,190.29139624500385
ou_nonlinear_gaussian,343.95314191499995,particle,0,2,primary,343.95673552500375
ou_nonlinear_gaussian,557.086046279,particle,1,2,seed_repeat,557.0909345559994
ou_nonlinear_gaussian,1777.4275907549998,particle,0,2,particle_count,1777.4701157550007
ou_nonlinear_gaussian,1458.3659346240001,particle,0,2,grid_resolution,1458.534521253001
ou_nonlinear_gaussian,294.411105789,score_root,0,3,primary,294.4169374799967
ou_nonlinear_gaussian,303.924007056,score_root,1,3,seed_repeat,303.9258848039972
ou_nonlinear_gaussian,271.00632636699993,particle,0,3,primary,271.00969850399997
ou_nonlinear_gaussian,473.37136638200013,particle,1,3,seed_repeat,473.3735060580002
ou_nonlinear_gaussian,1797.328184947,particle,0,3,particle_count,1797.3633744219987
ou_nonlinear_gaussian,1635.3759386469997,particle,0,3,grid_resolution,1635.5506861409958
ou_nonlinear_gaussian,169.806693094,score_root,0,4,primary,169.80993351800134
ou_nonlinear_gaussian,172.411945507,score_root,1,4,seed_repeat,172.41578760600532
ou_nonlinear_gaussian,211.61815091700004,particle,0,4,primary,211.62078986200504
ou_nonlinear_gaussian,220.57051912199995,particle,1,4,seed_repeat,220.5720124569998
ou_nonlinear_gaussian,1849.271298745,particle,0,4,particle_count,1849.319022321004
ou_nonlinear_gaussian,2114.7687698809996,particle,0,4,grid_resolution,2114.952449162003
ou_nonlinear_gaussian,169.051576926,score_root,0,5,primary,169.05413014900114
ou_nonlinear_gaussian,243.57991812100002,particle,0,5,primary,243.58608199399896
ou_nonlinear_gaussian,288.34152732900003,score_root,0,6,primary,288.3467217099969
ou_nonlinear_gaussian,417.75964127899994,particle,0,6,primary,417.76385340100387
ou_nonlinear_gaussian,294.410425136,score_root,0,7,primary,294.41463295099675
ou_nonlinear_gaussian,339.912746238,particle,0,7,primary,339.9149321399964
ou_nonlinear_gaussian,296.655351209,score_root,0,8,primary,296.6763561050029
ou_nonlinear_gaussian,1462.712096279,particle,0,8,primary,1462.863472981997
ou_nonlinear_gaussian,172.828733304,score_root,0,9,primary,172.83005402400158
ou_nonlinear_gaussian,319.20845349,particle,0,9,primary,319.2156827619983
ou_nonlinear_gaussian,292.157823253,score_root,0,10,primary,292.1879441659985
ou_nonlinear_gaussian,572.033532843,particle,0,10,primary,572.0979888759975
ou_nonlinear_gaussian,296.280417054,score_root,0,11,primary,296.2864257649999
ou_nonlinear_gaussian,1461.162620567,particle,0,11,primary,1461.3445896869962
ou_nonlinear_gaussian,294.391613208,score_root,0,12,primary,294.3995754310017
ou_nonlinear_gaussian,894.4708999,particle,0,12,primary,894.5015733429973
ou_nonlinear_gaussian,311.462633632,score_root,0,13,primary,311.52059252699837
ou_nonlinear_gaussian,919.260635444,particle,0,13,primary,919.3453511150001
ou_nonlinear_gaussian,173.05514543099991,score_root,0,14,primary,173.05923432700365
ou_nonlinear_gaussian,1128.013134379,particle,0,14,primary,1128.0260888350022
ou_nonlinear_gaussian,388.1932147650001,score_root,0,15,primary,388.2030841790038
ou_nonlinear_gaussian,992.489871429,particle,0,15,primary,992.4959546159953
ou_nonlinear_gaussian,899.3634260700001,score_root,0,16,primary,899.3892714850008
ou_nonlinear_gaussian,1697.5231994930002,particle,0,16,primary,1697.5826092670031
ou_nonlinear_gaussian,162.82501606200003,score_root,0,17,primary,162.82867091499793
ou_nonlinear_gaussian,1615.79379823,particle,0,17,primary,1615.9462666980035
ou_nonlinear_gaussian,325.63365964599984,score_root,0,18,primary,325.6443815300008
ou_nonlinear_gaussian,1065.3883191490002,particle,0,18,primary,1065.4513620059952
ou_nonlinear_gaussian,387.42317084,score_root,0,19,primary,387.4303450200023
ou_nonlinear_gaussian,1041.084899635,particle,0,19,primary,1041.1395360820025
ou_nonlinear_gaussian,283.77220468999985,score_root,0,20,primary,283.825438013002
ou_nonlinear_gaussian,1683.411644968,particle,0,20,primary,1683.676821647001
ou_nonlinear_gaussian,258.78053197600025,score_root,0,21,primary,258.80135892300314
ou_nonlinear_gaussian,1182.492061585,particle,0,21,primary,1182.5669652259967
ou_nonlinear_gaussian,195.50030598800004,score_root,0,22,primary,195.50642545299343
ou_nonlinear_gaussian,594.3453456549996,particle,0,22,primary,594.3836489460009
ou_nonlinear_gaussian,162.88683487100025,score_root,0,23,primary,162.89140353399853
ou_nonlinear_gaussian,358.328112574,particle,0,23,primary,358.3283674549966
ou_nonlinear_gaussian,349.59269496700017,score_root,0,24,primary,349.5995472029972
ou_nonlinear_gaussian,986.9460014799997,particle,0,24,primary,987.0897586930005
ou_nonlinear_gaussian,343.3447636709998,score_root,0,25,primary,343.35008801200456
ou_nonlinear_gaussian,737.1430717340004,particle,0,25,primary,737.2729929799971
ou_nonlinear_gaussian,297.714480556,score_root,0,26,primary,297.74119784600043
ou_nonlinear_gaussian,922.281371656,particle,0,26,primary,922.3479694019989
ou_nonlinear_gaussian,165.92323933599982,score_root,0,27,primary,165.924728607999
ou_nonlinear_gaussian,1490.140208749,particle,0,27,primary,1490.5022577459968
ou_nonlinear_gaussian,251.881051293,score_root,0,28,primary,251.9213224559935
ou_nonlinear_gaussian,928.9814298749999,particle,0,28,primary,929.0522532670002
ou_nonlinear_gaussian,499.3601999169996,score_root,0,29,primary,499.430715606999
ou_nonlinear_gaussian,449.6003040349997,particle,0,29,primary,449.6248628110043
ou_nonlinear_gaussian,296.37202686300003,score_root,0,30,primary,296.38807094500226
ou_nonlinear_gaussian,987.0196838520001,particle,0,30,primary,987.1395812359988
ou_nonlinear_gaussian,162.77773367200007,score_root,0,31,primary,162.78022837899334
ou_nonlinear_gaussian,460.2563902339998,particle,0,31,primary,460.28390759800095
ou_nonlinear_gaussian,292.657709539,score_root,0,32,primary,292.66429208200134
ou_nonlinear_gaussian,483.58672484,particle,0,32,primary,483.60408221200487
ou_nonlinear_gaussian,299.784972783,score_root,0,33,primary,299.7917644870031
ou_nonlinear_gaussian,992.4940022150001,particle,0,33,primary,992.5210752190033
ou_nonlinear_gaussian,174.841408464,score_root,0,34,primary,174.84284600999672
ou_nonlinear_gaussian,608.7501639870001,particle,0,34,primary,608.7524800709944
ou_nonlinear_gaussian,290.970303921,score_root,0,35,primary,290.9762409459945
ou_nonlinear_gaussian,492.877748055,particle,0,35,primary,492.89482225100073
ou_nonlinear_gaussian,290.525355881,score_root,0,36,primary,290.5280962800025
ou_nonlinear_gaussian,458.76245731200004,particle,0,36,primary,458.76341507899633
ou_nonlinear_gaussian,170.76154001,score_root,0,37,primary,170.76331387700338
ou_nonlinear_gaussian,209.903419126,particle,0,37,primary,209.90310028100066
ou_nonlinear_gaussian,171.88641795600006,score_root,0,38,primary,171.88878861600097
ou_nonlinear_gaussian,352.54973790500003,particle,0,38,primary,352.55087290599477
ou_nonlinear_gaussian,310.9868177520001,score_root,0,39,primary,310.98958067100466
ou_nonlinear_gaussian,312.002008185,particle,0,39,primary,312.0020264039995
ou_poisson,291.02216023,score_root,0,0,primary,291.02513682800054
ou_poisson,292.551594063,score_root,1,0,seed_repeat,292.5560633269997
ou_poisson,485.13348746099985,particle,0,0,primary,485.136282939995
ou_poisson,335.61122045599996,particle,1,0,seed_repeat,335.6147922259988
ou_poisson,773.4687999000002,particle,0,0,particle_count,773.5165834309955
ou_poisson,800.3032645050002,particle,0,0,grid_resolution,800.3433123340001
ou_poisson,290.525191339,score_root,0,1,primary,290.5273189549989
ou_poisson,313.46960072199994,score_root,1,1,seed_repeat,313.470941956999
ou_poisson,453.476273496,particle,0,1,primary,453.47783197100216
ou_poisson,331.74789986299993,particle,1,1,seed_repeat,331.74775601600413
ou_poisson,797.036902934,particle,0,1,particle_count,797.0721049490021
ou_poisson,793.5561640430001,particle,0,1,grid_resolution,793.6014708829971
ou_poisson,286.18324094300004,score_root,0,2,primary,286.18617048300075
ou_poisson,234.30169202599996,score_root,1,2,seed_repeat,234.30819266899925
ou_poisson,227.61730433900004,particle,0,2,primary,227.61796272100037
ou_poisson,412.98100015,particle,1,2,seed_repeat,412.98627614
ou_poisson,2102.0902935860004,particle,0,2,particle_count,2102.1391402209993
ou_poisson,1827.3216626989997,particle,0,2,grid_resolution,1827.4977924460036
ou_poisson,166.12718414499997,score_root,0,3,primary,166.12744421300158
ou_poisson,167.51514205100003,score_root,1,3,seed_repeat,167.51511019300233
ou_poisson,236.57867696300002,particle,0,3,primary,236.5784069010042
ou_poisson,358.77180723800006,particle,1,3,seed_repeat,358.77179653799976
ou_poisson,438.69241558299996,particle,0,3,particle_count,438.6920795719998
ou_poisson,611.846835799,particle,0,3,grid_resolution,611.8798587959973
ou_poisson,295.832494876,score_root,0,4,primary,295.8639808500011
ou_poisson,634.228791719,score_root,1,4,seed_repeat,634.264454211996
ou_poisson,437.39865746299995,particle,0,4,primary,437.4062226410024
ou_poisson,236.67117907299985,particle,1,4,seed_repeat,236.6734612670043
ou_poisson,893.992507485,particle,0,4,particle_count,894.0632190600008
ou_poisson,636.988897106,particle,0,4,grid_resolution,637.045231944001
ou_poisson,164.430029057,score_root,0,5,primary,164.4329492869947
ou_poisson,275.166855496,particle,0,5,primary,275.17107612700056
ou_poisson,286.193595012,score_root,0,6,primary,286.19690008900216
ou_poisson,283.41899260799994,particle,0,6,primary,283.42196335699555
ou_poisson,167.50963108,score_root,0,7,primary,167.51077099800023
ou_poisson,410.509167626,particle,0,7,primary,410.51440117900347
ou_poisson,287.027464687,score_root,0,8,primary,287.0312989459999
ou_poisson,361.279724708,particle,0,8,primary,361.2811634460013
ou_poisson,296.575916581,score_root,0,9,primary,296.5811573460014
ou_poisson,1449.026950561,particle,0,9,primary,1449.2626781600047
ou_poisson,292.47867163,score_root,0,10,primary,292.49009996300447
ou_poisson,1241.2581069980001,particle,0,10,primary,1241.3419178849945
ou_poisson,291.827360779,score_root,0,11,primary,291.83916544100066
ou_poisson,1148.987037583,particle,0,11,primary,1149.0546667000017
ou_poisson,293.965792534,score_root,0,12,primary,293.97511508000025
ou_poisson,974.65944219,particle,0,12,primary,974.729153717999
ou_poisson,168.93359180100003,score_root,0,13,primary,168.9355886350022
ou_poisson,587.331748184,particle,0,13,primary,587.3421066219962
ou_poisson,379.38297237300003,score_root,0,14,primary,379.39409970600536
ou_poisson,992.7454402009998,particle,0,14,primary,992.7521336639984
ou_poisson,535.6076708690001,score_root,0,15,primary,535.6252776659967
ou_poisson,1492.977816228,particle,0,15,primary,1493.022358948001
ou_poisson,492.6924295420001,score_root,0,16,primary,492.70074839099834
ou_poisson,1020.3238937270003,particle,0,16,primary,1020.3674193789993
ou_poisson,422.37690048399986,score_root,0,17,primary,422.3869762839968
ou_poisson,1709.209145912,particle,0,17,primary,1710.9992506530034
ou_poisson,330.844945112,score_root,0,18,primary,330.8726526360042
ou_poisson,1111.3259922849998,particle,0,18,primary,1111.506285414005
ou_poisson,272.45163588800006,score_root,0,19,primary,272.50555699700635
ou_poisson,1762.489651287,particle,0,19,primary,1762.9888078829972
ou_poisson,283.982982625,score_root,0,20,primary,283.9906339289955
ou_poisson,1268.014255736,particle,0,20,primary,1268.0905135990033
ou_poisson,920.091731647,score_root,0,21,primary,920.189985909994
ou_poisson,953.8279561909999,particle,0,21,primary,954.1047263009968
ou_poisson,157.48779626199985,score_root,0,22,primary,157.49257709100493
ou_poisson,1124.4683235740004,particle,0,22,primary,1124.6352236649982
ou_poisson,431.31884982500014,score_root,0,23,primary,431.3226983690038
ou_poisson,1143.7776589520004,particle,0,23,primary,1143.9886756350024
ou_poisson,315.0483230719997,score_root,0,24,primary,315.08010927500436
ou_poisson,1096.257775315,particle,0,24,primary,1096.467597981995
ou_poisson,294.499300285,score_root,0,25,primary,294.5025502299977
ou_poisson,956.984136625,particle,0,25,primary,956.9919732229973
ou_poisson,168.852784371,score_root,0,26,primary,168.85449238
ou_poisson,617.096785693,particle,0,26,primary,617.0989936890037
ou_poisson,168.75136110800003,score_root,0,27,primary,168.75214091300586
ou_poisson,616.2369214150001,particle,0,27,primary,616.238749658005
ou_poisson,168.28192811200006,score_root,0,28,primary,168.28735911900003
ou_poisson,426.3430094309997,particle,0,28,primary,426.34902156200405
ou_poisson,160.32921736000026,score_root,0,29,primary,160.33321671500016
ou_poisson,405.593970079,particle,0,29,primary,405.5980268839994
ou_poisson,294.506599992,score_root,0,30,primary,294.509436180997
ou_poisson,1019.132753803,particle,0,30,primary,1019.1558810749993
ou_poisson,297.474681983,score_root,0,31,primary,297.47792036300234
ou_poisson,1019.703375043,particle,0,31,primary,1019.7071654440006
ou_poisson,162.94568113100013,score_root,0,32,primary,162.95102116899943
ou_poisson,281.95200776300044,particle,0,32,primary,281.95426090800174
ou_poisson,166.059910779,score_root,0,33,primary,166.06074050700408
ou_poisson,232.14429296999998,particle,0,33,primary,232.14378558099997
ou_poisson,290.94309475399996,score_root,0,34,primary,290.9447614439996
ou_poisson,520.683414298,particle,0,34,primary,520.6852056949938
ou_poisson,290.356077823,score_root,0,35,primary,290.36198569599946
ou_poisson,519.246101466,particle,0,35,primary,519.2469596750016
ou_poisson,165.213621173,score_root,0,36,primary,165.2146610589989
ou_poisson,231.899252989,particle,0,36,primary,231.89959232300316
ou_poisson,169.14445344199999,score_root,0,37,primary,169.14595134199772
ou_poisson,357.154927649,particle,0,37,primary,357.15539856399846
ou_poisson,169.30388478799995,score_root,0,38,primary,169.3057678450059
ou_poisson,355.891168775,particle,0,38,primary,355.89116946200375
ou_poisson,283.4240641130001,score_root,0,39,primary,283.42966868499934
ou_poisson,222.8400483779999,particle,0,39,primary,222.83994198000437
