absolute_error,case,error,filter_seed,grid_points,horizon,method,observation_sha256,particles,repeat,replicate,status,step,theta_hat,theta_true,variant,theta_primary,absolute_change
0.09943898747253022,ou_linear_gaussian,0.09943898747253022,731046430,19,250.0,score_root,606155833e02c8c610f9d15fddec6f3ec10453598ee3a6ac9c21aa7a00a74b48,,1,0,interpolated_root,25000,0.4694389874725302,0.37,seed_repeat,0.4210587660974726,0.0483802213750576
0.0769562128985482,ou_linear_gaussian,0.0769562128985482,731046430,19,500.0,score_root,606155833e02c8c610f9d15fddec6f3ec10453598ee3a6ac9c21aa7a00a74b48,,1,0,interpolated_root,50000,0.4469562128985482,0.37,seed_repeat,0.40283833989172374,0.04411787300682446
0.028331685937593665,ou_linear_gaussian,0.028331685937593665,731046430,19,1000.0,score_root,606155833e02c8c610f9d15fddec6f3ec10453598ee3a6ac9c21aa7a00a74b48,,1,0,interpolated_root,100000,0.39833168593759366,0.37,seed_repeat,0.38215079480486724,0.016180891132726416
0.09880462721515015,ou_linear_gaussian,0.09880462721515015,3063561373,19,250.0,score_root,9ccc6cc3b676dedc759e023ae69ccf8a66983c3718b180349577e8c656ce8a86,,1,1,interpolated_root,25000,0.46880462721515015,0.37,seed_repeat,0.5541040367976964,0.08529940958254623
0.11908448679212458,ou_linear_gaussian,0.11908448679212458,3063561373,19,500.0,score_root,9ccc6cc3b676dedc759e023ae69ccf8a66983c3718b180349577e8c656ce8a86,,1,1,interpolated_root,50000,0.4890844867921246,0.37,seed_repeat,0.5178000908718253,0.02871560407970075
0.038251869602473176,ou_linear_gaussian,0.038251869602473176,3063561373,19,1000.0,score_root,9ccc6cc3b676dedc759e023ae69ccf8a66983c3718b180349577e8c656ce8a86,,1,1,interpolated_root,100000,0.40825186960247317,0.37,seed_repeat,0.449431516919499,0.041179647317025836
0.19151665822914976,ou_linear_gaussian,0.19151665822914976,2831718740,19,250.0,score_root,68f53b9fc049e339f8fbda04dea0f71f5ec35ef1bea18db219c61c97d7b7eaee,,1,2,interpolated_root,25000,0.5615166582291498,0.37,seed_repeat,0.4243673318058729,0.13714932642327687
0.1261224177025535,ou_linear_gaussian,0.1261224177025535,2831718740,19,500.0,score_root,68f53b9fc049e339f8fbda04dea0f71f5ec35ef1bea18db219c61c97d7b7eaee,,1,2,interpolated_root,50000,0.4961224177025535,0.37,seed_repeat,0.472747504819777,0.02337491288277649
0.07899472598982149,ou_linear_gaussian,0.07899472598982149,2831718740,19,1000.0,score_root,68f53b9fc049e339f8fbda04dea0f71f5ec35ef1bea18db219c61c97d7b7eaee,,1,2,interpolated_root,100000,0.4489947259898215,0.37,seed_repeat,0.43613942374334486,0.01285530224647663
0.07148189616413547,ou_linear_gaussian,-0.07148189616413547,477769542,19,250.0,score_root,4e39a64c21e07b643556d82e84c6034f63b68893bca29c21eab30dd317206751,,1,3,interpolated_root,25000,0.2985181038358645,0.37,seed_repeat,0.3083810747527906,0.009862970916926062
0.034619087076211474,ou_linear_gaussian,-0.034619087076211474,477769542,19,500.0,score_root,4e39a64c21e07b643556d82e84c6034f63b68893bca29c21eab30dd317206751,,1,3,interpolated_root,50000,0.3353809129237885,0.37,seed_repeat,0.34890387493153363,0.01352296200774511
0.02964990301088638,ou_linear_gaussian,-0.02964990301088638,477769542,19,1000.0,score_root,4e39a64c21e07b643556d82e84c6034f63b68893bca29c21eab30dd317206751,,1,3,interpolated_root,100000,0.3403500969891136,0.37,seed_repeat,0.34485952268067716,0.00450942569156354
0.0679355260915675,ou_linear_gaussian,0.0679355260915675,2654543908,19,250.0,score_root,73c72ad852b5c6f855e1e3aaace784752dd27bb54d8d5f0bdcda1cba26840200,,1,4,interpolated_root,25000,0.4379355260915675,0.37,seed_repeat,0.4823719731697727,0.04443644707820521
0.04554969820285243,ou_linear_gaussian,0.04554969820285243,2654543908,19,500.0,score_root,73c72ad852b5c6f855e1e3aaace784752dd27bb54d8d5f0bdcda1cba26840200,,1,4,interpolated_root,50000,0.4155496982028524,0.37,seed_repeat,0.47216995879145274,0.05662026058860031
0.05021741873103169,ou_linear_gaussian,0.05021741873103169,2654543908,19,1000.0,score_root,73c72ad852b5c6f855e1e3aaace784752dd27bb54d8d5f0bdcda1cba26840200,,1,4,interpolated_root,100000,0.4202174187310317,0.37,seed_repeat,0.44299753833381394,0.022780119602782256
0.06475231352254757,ou_nonlinear_gaussian,-0.06475231352254757,1478011606,19,250.0,score_root,07f0b7ef4ff832922b35844f2136412c1596380790ce001e1920ef988a0887d7,,1,0,interpolated_root,25000,0.30524768647745243,0.37,seed_repeat,0.31840281540867144,0.013155128931219007
0.028173153653618443,ou_nonlinear_gaussian,-0.028173153653618443,1478011606,19,500.0,score_root,07f0b7ef4ff832922b35844f2136412c1596380790ce001e1920ef988a0887d7,,1,0,interpolated_root,50000,0.34182684634638155,0.37,seed_repeat,0.34621908362502885,0.004392237278647293
0.008105926539963781,ou_nonlinear_gaussian,-0.008105926539963781,1478011606,19,1000.0,score_root,07f0b7ef4ff832922b35844f2136412c1596380790ce001e1920ef988a0887d7,,1,0,interpolated_root,100000,0.3618940734600362,0.37,seed_repeat,0.37261366212754976,0.010719588667513547
0.030000000000000027,ou_nonlinear_gaussian,0.030000000000000027,677658485,19,250.0,particle,07f0b7ef4ff832922b35844f2136412c1596380790ce001e1920ef988a0887d7,8192,1,0,interior,25000,0.4,0.37,seed_repeat,0.30000000000000004,0.09999999999999998
0.030000000000000027,ou_nonlinear_gaussian,0.030000000000000027,677658485,19,500.0,particle,07f0b7ef4ff832922b35844f2136412c1596380790ce001e1920ef988a0887d7,8192,1,0,interior,50000,0.4,0.37,seed_repeat,0.35,0.050000000000000044
0.030000000000000027,ou_nonlinear_gaussian,0.030000000000000027,677658485,19,1000.0,particle,07f0b7ef4ff832922b35844f2136412c1596380790ce001e1920ef988a0887d7,8192,1,0,interior,100000,0.4,0.37,seed_repeat,0.30000000000000004,0.09999999999999998
0.030000000000000027,ou_nonlinear_gaussian,0.030000000000000027,1006136806,19,250.0,particle,07f0b7ef4ff832922b35844f2136412c1596380790ce001e1920ef988a0887d7,16384,0,0,interior,25000,0.4,0.37,particle_count,0.30000000000000004,0.09999999999999998
0.030000000000000027,ou_nonlinear_gaussian,0.030000000000000027,1006136806,19,500.0,particle,07f0b7ef4ff832922b35844f2136412c1596380790ce001e1920ef988a0887d7,16384,0,0,interior,50000,0.4,0.37,particle_count,0.35,0.050000000000000044
0.020000000000000018,ou_nonlinear_gaussian,-0.020000000000000018,1006136806,19,1000.0,particle,07f0b7ef4ff832922b35844f2136412c1596380790ce001e1920ef988a0887d7,16384,0,0,interior,100000,0.35,0.37,particle_count,0.30000000000000004,0.04999999999999993
0.044999999999999984,ou_nonlinear_gaussian,-0.044999999999999984,1006136806,37,250.0,particle,07f0b7ef4ff832922b35844f2136412c1596380790ce001e1920ef988a0887d7,8192,0,0,interior,25000,0.325,0.37,grid_resolution,0.30000000000000004,0.024999999999999967
0.044999999999999984,ou_nonlinear_gaussian,-0.044999999999999984,1006136806,37,500.0,particle,07f0b7ef4ff832922b35844f2136412c1596380790ce001e1920ef988a0887d7,8192,0,0,interior,50000,0.325,0.37,grid_resolution,0.35,0.024999999999999967
0.044999999999999984,ou_nonlinear_gaussian,-0.044999999999999984,1006136806,37,1000.0,particle,07f0b7ef4ff832922b35844f2136412c1596380790ce001e1920ef988a0887d7,8192,0,0,interior,100000,0.325,0.37,grid_resolution,0.30000000000000004,0.024999999999999967
0.012351855086775443,ou_nonlinear_gaussian,-0.012351855086775443,909107604,19,250.0,score_root,c7309380cd7b48afcc0e06d364c88b47b728707db3b8d1b0585306d3aaaea3b6,,1,1,interpolated_root,25000,0.35764814491322455,0.37,seed_repeat,0.301435392883476,0.05621275202974857
0.03568977211714752,ou_nonlinear_gaussian,-0.03568977211714752,909107604,19,500.0,score_root,c7309380cd7b48afcc0e06d364c88b47b728707db3b8d1b0585306d3aaaea3b6,,1,1,interpolated_root,50000,0.3343102278828525,0.37,seed_repeat,0.29987905853306207,0.0344311693497904
0.04182971003306246,ou_nonlinear_gaussian,-0.04182971003306246,909107604,19,1000.0,score_root,c7309380cd7b48afcc0e06d364c88b47b728707db3b8d1b0585306d3aaaea3b6,,1,1,interpolated_root,100000,0.32817028996693753,0.37,seed_repeat,0.31416137616202783,0.014008913804909706
0.030000000000000027,ou_nonlinear_gaussian,0.030000000000000027,3204075891,19,250.0,particle,c7309380cd7b48afcc0e06d364c88b47b728707db3b8d1b0585306d3aaaea3b6,8192,1,1,interior,25000,0.4,0.37,seed_repeat,0.30000000000000004,0.09999999999999998
0.12,ou_nonlinear_gaussian,-0.12,3204075891,19,500.0,particle,c7309380cd7b48afcc0e06d364c88b47b728707db3b8d1b0585306d3aaaea3b6,8192,1,1,interior,50000,0.25,0.37,seed_repeat,0.30000000000000004,0.050000000000000044
0.030000000000000027,ou_nonlinear_gaussian,0.030000000000000027,3204075891,19,1000.0,particle,c7309380cd7b48afcc0e06d364c88b47b728707db3b8d1b0585306d3aaaea3b6,8192,1,1,interior,100000,0.4,0.37,seed_repeat,0.35,0.050000000000000044
0.12,ou_nonlinear_gaussian,-0.12,1100850441,19,250.0,particle,c7309380cd7b48afcc0e06d364c88b47b728707db3b8d1b0585306d3aaaea3b6,16384,0,1,interior,25000,0.25,0.37,particle_count,0.30000000000000004,0.050000000000000044
0.020000000000000018,ou_nonlinear_gaussian,-0.020000000000000018,1100850441,19,500.0,particle,c7309380cd7b48afcc0e06d364c88b47b728707db3b8d1b0585306d3aaaea3b6,16384,0,1,interior,50000,0.35,0.37,particle_count,0.30000000000000004,0.04999999999999993
0.06999999999999995,ou_nonlinear_gaussian,-0.06999999999999995,1100850441,19,1000.0,particle,c7309380cd7b48afcc0e06d364c88b47b728707db3b8d1b0585306d3aaaea3b6,16384,0,1,interior,100000,0.30000000000000004,0.37,particle_count,0.35,0.04999999999999993
0.06999999999999995,ou_nonlinear_gaussian,-0.06999999999999995,1100850441,37,250.0,particle,c7309380cd7b48afcc0e06d364c88b47b728707db3b8d1b0585306d3aaaea3b6,8192,0,1,interior,25000,0.30000000000000004,0.37,grid_resolution,0.30000000000000004,0.0
0.06999999999999995,ou_nonlinear_gaussian,-0.06999999999999995,1100850441,37,500.0,particle,c7309380cd7b48afcc0e06d364c88b47b728707db3b8d1b0585306d3aaaea3b6,8192,0,1,interior,50000,0.30000000000000004,0.37,grid_resolution,0.30000000000000004,0.0
0.020000000000000018,ou_nonlinear_gaussian,-0.020000000000000018,1100850441,37,1000.0,particle,c7309380cd7b48afcc0e06d364c88b47b728707db3b8d1b0585306d3aaaea3b6,8192,0,1,interior,100000,0.35,0.37,grid_resolution,0.35,0.0
0.0077669495166746705,ou_nonlinear_gaussian,-0.0077669495166746705,1309656373,19,250.0,score_root,23708c55f6d64c23839f039f1a022317caf1e3240016eb8803fa9931f983b8c5,,1,2,interpolated_root,25000,0.3622330504833253,0.37,seed_repeat,0.3451556491157345,0.01707740136759084
0.06661197778972222,ou_nonlinear_gaussian,0.06661197778972222,1309656373,19,500.0,score_root,23708c55f6d64c23839f039f1a022317caf1e3240016eb8803fa9931f983b8c5,,1,2,interpolated_root,50000,0.4366119777897222,0.37,seed_repeat,0.3763062444875421,0.06030573330218014
0.024639726941791895,ou_nonlinear_gaussian,0.024639726941791895,1309656373,19,1000.0,score_root,23708c55f6d64c23839f039f1a022317caf1e3240016eb8803fa9931f983b8c5,,1,2,interpolated_root,100000,0.3946397269417919,0.37,seed_repeat,0.38184193941017236,0.012797787531619531
0.08000000000000007,ou_nonlinear_gaussian,0.08000000000000007,902236164,19,250.0,particle,23708c55f6d64c23839f039f1a022317caf1e3240016eb8803fa9931f983b8c5,8192,1,2,interior,25000,0.45000000000000007,0.37,seed_repeat,0.35,0.10000000000000009
0.08000000000000007,ou_nonlinear_gaussian,0.08000000000000007,902236164,19,500.0,particle,23708c55f6d64c23839f039f1a022317caf1e3240016eb8803fa9931f983b8c5,8192,1,2,interior,50000,0.45000000000000007,0.37,seed_repeat,0.4,0.050000000000000044
0.08000000000000007,ou_nonlinear_gaussian,0.08000000000000007,902236164,19,1000.0,particle,23708c55f6d64c23839f039f1a022317caf1e3240016eb8803fa9931f983b8c5,8192,1,2,interior,100000,0.45000000000000007,0.37,seed_repeat,0.4,0.050000000000000044
0.020000000000000018,ou_nonlinear_gaussian,-0.020000000000000018,1919147932,19,250.0,particle,23708c55f6d64c23839f039f1a022317caf1e3240016eb8803fa9931f983b8c5,16384,0,2,interior,25000,0.35,0.37,particle_count,0.35,0.0
0.030000000000000027,ou_nonlinear_gaussian,0.030000000000000027,1919147932,19,500.0,particle,23708c55f6d64c23839f039f1a022317caf1e3240016eb8803fa9931f983b8c5,16384,0,2,interior,50000,0.4,0.37,particle_count,0.4,0.0
0.030000000000000027,ou_nonlinear_gaussian,0.030000000000000027,1919147932,19,1000.0,particle,23708c55f6d64c23839f039f1a022317caf1e3240016eb8803fa9931f983b8c5,16384,0,2,interior,100000,0.4,0.37,particle_count,0.4,0.0
0.044999999999999984,ou_nonlinear_gaussian,-0.044999999999999984,1919147932,37,250.0,particle,23708c55f6d64c23839f039f1a022317caf1e3240016eb8803fa9931f983b8c5,8192,0,2,interior,25000,0.325,0.37,grid_resolution,0.35,0.024999999999999967
0.030000000000000027,ou_nonlinear_gaussian,0.030000000000000027,1919147932,37,500.0,particle,23708c55f6d64c23839f039f1a022317caf1e3240016eb8803fa9931f983b8c5,8192,0,2,interior,50000,0.4,0.37,grid_resolution,0.4,0.0
0.030000000000000027,ou_nonlinear_gaussian,0.030000000000000027,1919147932,37,1000.0,particle,23708c55f6d64c23839f039f1a022317caf1e3240016eb8803fa9931f983b8c5,8192,0,2,interior,100000,0.4,0.37,grid_resolution,0.4,0.0
0.12483426388693802,ou_nonlinear_gaussian,0.12483426388693802,3494263198,19,250.0,score_root,1ff8870e0cae64b1653bc000ca448873845ef05142aea9122716732a38b8d532,,1,3,interpolated_root,25000,0.494834263886938,0.37,seed_repeat,0.5022153498207484,0.007381085933810427
0.07699403079334283,ou_nonlinear_gaussian,0.07699403079334283,3494263198,19,500.0,score_root,1ff8870e0cae64b1653bc000ca448873845ef05142aea9122716732a38b8d532,,1,3,interpolated_root,50000,0.4469940307933428,0.37,seed_repeat,0.484007364657527,0.03701333386418415
0.06350177847571375,ou_nonlinear_gaussian,0.06350177847571375,3494263198,19,1000.0,score_root,1ff8870e0cae64b1653bc000ca448873845ef05142aea9122716732a38b8d532,,1,3,interpolated_root,100000,0.43350177847571375,0.37,seed_repeat,0.41763438359386873,0.01586739488184502
0.13,ou_nonlinear_gaussian,0.13,3242992158,19,250.0,particle,1ff8870e0cae64b1653bc000ca448873845ef05142aea9122716732a38b8d532,8192,1,3,interior,25000,0.5,0.37,seed_repeat,0.55,0.050000000000000044
0.08000000000000007,ou_nonlinear_gaussian,0.08000000000000007,3242992158,19,500.0,particle,1ff8870e0cae64b1653bc000ca448873845ef05142aea9122716732a38b8d532,8192,1,3,interior,50000,0.45000000000000007,0.37,seed_repeat,0.4,0.050000000000000044
0.08000000000000007,ou_nonlinear_gaussian,0.08000000000000007,3242992158,19,1000.0,particle,1ff8870e0cae64b1653bc000ca448873845ef05142aea9122716732a38b8d532,8192,1,3,interior,100000,0.45000000000000007,0.37,seed_repeat,0.4,0.050000000000000044
0.13,ou_nonlinear_gaussian,0.13,1413723734,19,250.0,particle,1ff8870e0cae64b1653bc000ca448873845ef05142aea9122716732a38b8d532,16384,0,3,interior,25000,0.5,0.37,particle_count,0.55,0.050000000000000044
0.020000000000000018,ou_nonlinear_gaussian,-0.020000000000000018,1413723734,19,500.0,particle,1ff8870e0cae64b1653bc000ca448873845ef05142aea9122716732a38b8d532,16384,0,3,interior,50000,0.35,0.37,particle_count,0.4,0.050000000000000044
0.030000000000000027,ou_nonlinear_gaussian,0.030000000000000027,1413723734,19,1000.0,particle,1ff8870e0cae64b1653bc000ca448873845ef05142aea9122716732a38b8d532,16384,0,3,interior,100000,0.4,0.37,particle_count,0.4,0.0
0.05500000000000005,ou_nonlinear_gaussian,0.05500000000000005,1413723734,37,250.0,particle,1ff8870e0cae64b1653bc000ca448873845ef05142aea9122716732a38b8d532,8192,0,3,interior,25000,0.42500000000000004,0.37,grid_resolution,0.55,0.125
0.05500000000000005,ou_nonlinear_gaussian,0.05500000000000005,1413723734,37,500.0,particle,1ff8870e0cae64b1653bc000ca448873845ef05142aea9122716732a38b8d532,8192,0,3,interior,50000,0.42500000000000004,0.37,grid_resolution,0.4,0.025000000000000022
0.05500000000000005,ou_nonlinear_gaussian,0.05500000000000005,1413723734,37,1000.0,particle,1ff8870e0cae64b1653bc000ca448873845ef05142aea9122716732a38b8d532,8192,0,3,interior,100000,0.42500000000000004,0.37,grid_resolution,0.4,0.025000000000000022
0.06075408175672142,ou_nonlinear_gaussian,-0.06075408175672142,2618274272,19,250.0,score_root,3c1dbbf2b1369ab6e5c448f15d9970c1b850f9d06602d3a1ab11eb137a9e7674,,1,4,interpolated_root,25000,0.3092459182432786,0.37,seed_repeat,0.334326249679542,0.025080331436263426
0.0024268030620115955,ou_nonlinear_gaussian,-0.0024268030620115955,2618274272,19,500.0,score_root,3c1dbbf2b1369ab6e5c448f15d9970c1b850f9d06602d3a1ab11eb137a9e7674,,1,4,interpolated_root,50000,0.3675731969379884,0.37,seed_repeat,0.3985994540004511,0.031026257062462703
0.01070095242707253,ou_nonlinear_gaussian,-0.01070095242707253,2618274272,19,1000.0,score_root,3c1dbbf2b1369ab6e5c448f15d9970c1b850f9d06602d3a1ab11eb137a9e7674,,1,4,interpolated_root,100000,0.35929904757292747,0.37,seed_repeat,0.3895410977765053,0.03024205020357784
0.020000000000000018,ou_nonlinear_gaussian,-0.020000000000000018,1251673636,19,250.0,particle,3c1dbbf2b1369ab6e5c448f15d9970c1b850f9d06602d3a1ab11eb137a9e7674,8192,1,4,interior,25000,0.35,0.37,seed_repeat,0.35,0.0
0.030000000000000027,ou_nonlinear_gaussian,0.030000000000000027,1251673636,19,500.0,particle,3c1dbbf2b1369ab6e5c448f15d9970c1b850f9d06602d3a1ab11eb137a9e7674,8192,1,4,interior,50000,0.4,0.37,seed_repeat,0.35,0.050000000000000044
0.020000000000000018,ou_nonlinear_gaussian,-0.020000000000000018,1251673636,19,1000.0,particle,3c1dbbf2b1369ab6e5c448f15d9970c1b850f9d06602d3a1ab11eb137a9e7674,8192,1,4,interior,100000,0.35,0.37,seed_repeat,0.35,0.0
0.12,ou_nonlinear_gaussian,-0.12,566383881,19,250.0,particle,3c1dbbf2b1369ab6e5c448f15d9970c1b850f9d06602d3a1ab11eb137a9e7674,16384,0,4,interior,25000,0.25,0.37,particle_count,0.35,0.09999999999999998
0.030000000000000027,ou_nonlinear_gaussian,0.030000000000000027,566383881,19,500.0,particle,3c1dbbf2b1369ab6e5c448f15d9970c1b850f9d06602d3a1ab11eb137a9e7674,16384,0,4,interior,50000,0.4,0.37,particle_count,0.35,0.050000000000000044
0.030000000000000027,ou_nonlinear_gaussian,0.030000000000000027,566383881,19,1000.0,particle,3c1dbbf2b1369ab6e5c448f15d9970c1b850f9d06602d3a1ab11eb137a9e7674,16384,0,4,interior,100000,0.4,0.37,particle_count,0.35,0.050000000000000044
0.020000000000000018,ou_nonlinear_gaussian,-0.020000000000000018,566383881,37,250.0,particle,3c1dbbf2b1369ab6e5c448f15d9970c1b850f9d06602d3a1ab11eb137a9e7674,8192,0,4,interior,25000,0.35,0.37,grid_resolution,0.35,0.0
0.020000000000000018,ou_nonlinear_gaussian,-0.020000000000000018,566383881,37,500.0,particle,3c1dbbf2b1369ab6e5c448f15d9970c1b850f9d06602d3a1ab11eb137a9e7674,8192,0,4,interior,50000,0.35,0.37,grid_resolution,0.35,0.0
0.044999999999999984,ou_nonlinear_gaussian,-0.044999999999999984,566383881,37,1000.0,particle,3c1dbbf2b1369ab6e5c448f15d9970c1b850f9d06602d3a1ab11eb137a9e7674,8192,0,4,interior,100000,0.325,0.37,grid_resolution,0.35,0.024999999999999967
0.008651870919783589,ou_poisson,-0.008651870919783589,2331182040,19,250.0,score_root,907277c89b6626ec3a3aeca8cc0840ca9ca905f9d01b195e338a57299a21a6cc,,1,0,interpolated_root,25000,0.3613481290802164,0.37,seed_repeat,0.39014174254713385,0.028793613466917445
0.017319623556681818,ou_poisson,-0.017319623556681818,2331182040,19,500.0,score_root,907277c89b6626ec3a3aeca8cc0840ca9ca905f9d01b195e338a57299a21a6cc,,1,0,interpolated_root,50000,0.3526803764433182,0.37,seed_repeat,0.3628025927138396,0.0101222162705214
0.005933059219674852,ou_poisson,-0.005933059219674852,2331182040,19,1000.0,score_root,907277c89b6626ec3a3aeca8cc0840ca9ca905f9d01b195e338a57299a21a6cc,,1,0,interpolated_root,100000,0.36406694078032514,0.37,seed_repeat,0.37479841891680565,0.01073147813648051
0.020000000000000018,ou_poisson,-0.020000000000000018,3530393190,19,250.0,particle,907277c89b6626ec3a3aeca8cc0840ca9ca905f9d01b195e338a57299a21a6cc,8192,1,0,interior,25000,0.35,0.37,seed_repeat,0.35,0.0
0.020000000000000018,ou_poisson,-0.020000000000000018,3530393190,19,500.0,particle,907277c89b6626ec3a3aeca8cc0840ca9ca905f9d01b195e338a57299a21a6cc,8192,1,0,interior,50000,0.35,0.37,seed_repeat,0.35,0.0
0.020000000000000018,ou_poisson,-0.020000000000000018,3530393190,19,1000.0,particle,907277c89b6626ec3a3aeca8cc0840ca9ca905f9d01b195e338a57299a21a6cc,8192,1,0,interior,100000,0.35,0.37,seed_repeat,0.35,0.0
0.06999999999999995,ou_poisson,-0.06999999999999995,2759463143,19,250.0,particle,907277c89b6626ec3a3aeca8cc0840ca9ca905f9d01b195e338a57299a21a6cc,16384,0,0,interior,25000,0.30000000000000004,0.37,particle_count,0.35,0.04999999999999993
0.030000000000000027,ou_poisson,0.030000000000000027,2759463143,19,500.0,particle,907277c89b6626ec3a3aeca8cc0840ca9ca905f9d01b195e338a57299a21a6cc,16384,0,0,interior,50000,0.4,0.37,particle_count,0.35,0.050000000000000044
0.030000000000000027,ou_poisson,0.030000000000000027,2759463143,19,1000.0,particle,907277c89b6626ec3a3aeca8cc0840ca9ca905f9d01b195e338a57299a21a6cc,16384,0,0,interior,100000,0.4,0.37,particle_count,0.35,0.050000000000000044
0.0050000000000000044,ou_poisson,0.0050000000000000044,2759463143,37,250.0,particle,907277c89b6626ec3a3aeca8cc0840ca9ca905f9d01b195e338a57299a21a6cc,8192,0,0,interior,25000,0.375,0.37,grid_resolution,0.35,0.025000000000000022
0.020000000000000018,ou_poisson,-0.020000000000000018,2759463143,37,500.0,particle,907277c89b6626ec3a3aeca8cc0840ca9ca905f9d01b195e338a57299a21a6cc,8192,0,0,interior,50000,0.35,0.37,grid_resolution,0.35,0.0
0.020000000000000018,ou_poisson,-0.020000000000000018,2759463143,37,1000.0,particle,907277c89b6626ec3a3aeca8cc0840ca9ca905f9d01b195e338a57299a21a6cc,8192,0,0,interior,100000,0.35,0.37,grid_resolution,0.35,0.0
0.010970115890365562,ou_poisson,-0.010970115890365562,54976384,19,250.0,score_root,574aed835afe859adee8b978c3c5eb5ab26e3aab2bf4e056dbbf085482b8c8f5,,1,1,interpolated_root,25000,0.35902988410963443,0.37,seed_repeat,0.3612800685135752,0.002250184403940758
0.0020748092523887873,ou_poisson,0.0020748092523887873,54976384,19,500.0,score_root,574aed835afe859adee8b978c3c5eb5ab26e3aab2bf4e056dbbf085482b8c8f5,,1,1,interpolated_root,50000,0.3720748092523888,0.37,seed_repeat,0.3574694115885107,0.014605397663878084
0.025873301486555533,ou_poisson,-0.025873301486555533,54976384,19,1000.0,score_root,574aed835afe859adee8b978c3c5eb5ab26e3aab2bf4e056dbbf085482b8c8f5,,1,1,interpolated_root,100000,0.34412669851344446,0.37,seed_repeat,0.32921969958172453,0.014906998931719928
0.030000000000000027,ou_poisson,0.030000000000000027,1045224400,19,250.0,particle,574aed835afe859adee8b978c3c5eb5ab26e3aab2bf4e056dbbf085482b8c8f5,8192,1,1,interior,25000,0.4,0.37,seed_repeat,0.4,0.0
0.030000000000000027,ou_poisson,0.030000000000000027,1045224400,19,500.0,particle,574aed835afe859adee8b978c3c5eb5ab26e3aab2bf4e056dbbf085482b8c8f5,8192,1,1,interior,50000,0.4,0.37,seed_repeat,0.4,0.0
0.030000000000000027,ou_poisson,0.030000000000000027,1045224400,19,1000.0,particle,574aed835afe859adee8b978c3c5eb5ab26e3aab2bf4e056dbbf085482b8c8f5,8192,1,1,interior,100000,0.4,0.37,seed_repeat,0.35,0.050000000000000044
0.020000000000000018,ou_poisson,-0.020000000000000018,510710742,19,250.0,particle,574aed835afe859adee8b978c3c5eb5ab26e3aab2bf4e056dbbf085482b8c8f5,16384,0,1,interior,25000,0.35,0.37,particle_count,0.4,0.050000000000000044
0.020000000000000018,ou_poisson,-0.020000000000000018,510710742,19,500.0,particle,574aed835afe859adee8b978c3c5eb5ab26e3aab2bf4e056dbbf085482b8c8f5,16384,0,1,interior,50000,0.35,0.37,particle_count,0.4,0.050000000000000044
0.020000000000000018,ou_poisson,-0.020000000000000018,510710742,19,1000.0,particle,574aed835afe859adee8b978c3c5eb5ab26e3aab2bf4e056dbbf085482b8c8f5,16384,0,1,interior,100000,0.35,0.37,particle_count,0.35,0.0
0.030000000000000027,ou_poisson,0.030000000000000027,510710742,37,250.0,particle,574aed835afe859adee8b978c3c5eb5ab26e3aab2bf4e056dbbf085482b8c8f5,8192,0,1,interior,25000,0.4,0.37,grid_resolution,0.4,0.0
0.030000000000000027,ou_poisson,0.030000000000000027,510710742,37,500.0,particle,574aed835afe859adee8b978c3c5eb5ab26e3aab2bf4e056dbbf085482b8c8f5,8192,0,1,interior,50000,0.4,0.37,grid_resolution,0.4,0.0
0.044999999999999984,ou_poisson,-0.044999999999999984,510710742,37,1000.0,particle,574aed835afe859adee8b978c3c5eb5ab26e3aab2bf4e056dbbf085482b8c8f5,8192,0,1,interior,100000,0.325,0.37,grid_resolution,0.35,0.024999999999999967
0.07379283287834404,ou_poisson,0.07379283287834404,3266037385,19,250.0,score_root,8e77ad21671ddb5c22619219bf4478e24c8c2d539550094df174bb4955ab5d8f,,1,2,interpolated_root,25000,0.44379283287834403,0.37,seed_repeat,0.4633444463067915,0.019551613428447467
0.0625646897783339,ou_poisson,0.0625646897783339,3266037385,19,500.0,score_root,8e77ad21671ddb5c22619219bf4478e24c8c2d539550094df174bb4955ab5d8f,,1,2,interpolated_root,50000,0.4325646897783339,0.37,seed_repeat,0.4386424706823798,0.006077780904045926
0.05235285466186379,ou_poisson,0.05235285466186379,3266037385,19,1000.0,score_root,8e77ad21671ddb5c22619219bf4478e24c8c2d539550094df174bb4955ab5d8f,,1,2,interpolated_root,100000,0.4223528546618638,0.37,seed_repeat,0.43956849645783236,0.017215641795968573
0.030000000000000027,ou_poisson,0.030000000000000027,1852254024,19,250.0,particle,8e77ad21671ddb5c22619219bf4478e24c8c2d539550094df174bb4955ab5d8f,8192,1,2,interior,25000,0.4,0.37,seed_repeat,0.4,0.0
0.08000000000000007,ou_poisson,0.08000000000000007,1852254024,19,500.0,particle,8e77ad21671ddb5c22619219bf4478e24c8c2d539550094df174bb4955ab5d8f,8192,1,2,interior,50000,0.45000000000000007,0.37,seed_repeat,0.4,0.050000000000000044
0.030000000000000027,ou_poisson,0.030000000000000027,1852254024,19,1000.0,particle,8e77ad21671ddb5c22619219bf4478e24c8c2d539550094df174bb4955ab5d8f,8192,1,2,interior,100000,0.4,0.37,seed_repeat,0.4,0.0
0.13,ou_poisson,0.13,3351351150,19,250.0,particle,8e77ad21671ddb5c22619219bf4478e24c8c2d539550094df174bb4955ab5d8f,16384,0,2,interior,25000,0.5,0.37,particle_count,0.4,0.09999999999999998
0.030000000000000027,ou_poisson,0.030000000000000027,3351351150,19,500.0,particle,8e77ad21671ddb5c22619219bf4478e24c8c2d539550094df174bb4955ab5d8f,16384,0,2,interior,50000,0.4,0.37,particle_count,0.4,0.0
0.08000000000000007,ou_poisson,0.08000000000000007,3351351150,19,1000.0,particle,8e77ad21671ddb5c22619219bf4478e24c8c2d539550094df174bb4955ab5d8f,16384,0,2,interior,100000,0.45000000000000007,0.37,particle_count,0.4,0.050000000000000044
0.030000000000000027,ou_poisson,0.030000000000000027,3351351150,37,250.0,particle,8e77ad21671ddb5c22619219bf4478e24c8c2d539550094df174bb4955ab5d8f,8192,0,2,interior,25000,0.4,0.37,grid_resolution,0.4,0.0
0.030000000000000027,ou_poisson,0.030000000000000027,3351351150,37,500.0,particle,8e77ad21671ddb5c22619219bf4478e24c8c2d539550094df174bb4955ab5d8f,8192,0,2,interior,50000,0.4,0.37,grid_resolution,0.4,0.0
0.05500000000000005,ou_poisson,0.05500000000000005,3351351150,37,1000.0,particle,8e77ad21671ddb5c22619219bf4478e24c8c2d539550094df174bb4955ab5d8f,8192,0,2,interior,100000,0.42500000000000004,0.37,grid_resolution,0.4,0.025000000000000022
0.01980468358434312,ou_poisson,0.01980468358434312,2957871228,19,250.0,score_root,038b30e610ee34ad8d040615abd96b3fdcf7d83e8f4f163658329fdea3233c51,,1,3,interpolated_root,25000,0.3898046835843431,0.37,seed_repeat,0.34550466261074736,0.044300020973595755
0.026742683646884813,ou_poisson,0.026742683646884813,2957871228,19,500.0,score_root,038b30e610ee34ad8d040615abd96b3fdcf7d83e8f4f163658329fdea3233c51,,1,3,interpolated_root,50000,0.3967426836468848,0.37,seed_repeat,0.37934366540033415,0.017399018246550657
0.03112767263986116,ou_poisson,0.03112767263986116,2957871228,19,1000.0,score_root,038b30e610ee34ad8d040615abd96b3fdcf7d83e8f4f163658329fdea3233c51,,1,3,interpolated_root,100000,0.40112767263986115,0.37,seed_repeat,0.4067445295162955,0.005616856876434373
0.030000000000000027,ou_poisson,0.030000000000000027,89914615,19,250.0,particle,038b30e610ee34ad8d040615abd96b3fdcf7d83e8f4f163658329fdea3233c51,8192,1,3,interior,25000,0.4,0.37,seed_repeat,0.4,0.0
0.030000000000000027,ou_poisson,0.030000000000000027,89914615,19,500.0,particle,038b30e610ee34ad8d040615abd96b3fdcf7d83e8f4f163658329fdea3233c51,8192,1,3,interior,50000,0.4,0.37,seed_repeat,0.4,0.0
0.030000000000000027,ou_poisson,0.030000000000000027,89914615,19,1000.0,particle,038b30e610ee34ad8d040615abd96b3fdcf7d83e8f4f163658329fdea3233c51,8192,1,3,interior,100000,0.4,0.37,seed_repeat,0.4,0.0
0.06999999999999995,ou_poisson,-0.06999999999999995,3401464453,19,250.0,particle,038b30e610ee34ad8d040615abd96b3fdcf7d83e8f4f163658329fdea3233c51,16384,0,3,interior,25000,0.30000000000000004,0.37,particle_count,0.4,0.09999999999999998
0.08000000000000007,ou_poisson,0.08000000000000007,3401464453,19,500.0,particle,038b30e610ee34ad8d040615abd96b3fdcf7d83e8f4f163658329fdea3233c51,16384,0,3,interior,50000,0.45000000000000007,0.37,particle_count,0.4,0.050000000000000044
0.08000000000000007,ou_poisson,0.08000000000000007,3401464453,19,1000.0,particle,038b30e610ee34ad8d040615abd96b3fdcf7d83e8f4f163658329fdea3233c51,16384,0,3,interior,100000,0.45000000000000007,0.37,particle_count,0.4,0.050000000000000044
0.044999999999999984,ou_poisson,-0.044999999999999984,3401464453,37,250.0,particle,038b30e610ee34ad8d040615abd96b3fdcf7d83e8f4f163658329fdea3233c51,8192,0,3,interior,25000,0.325,0.37,grid_resolution,0.4,0.07500000000000001
0.030000000000000027,ou_poisson,0.030000000000000027,3401464453,37,500.0,particle,038b30e610ee34ad8d040615abd96b3fdcf7d83e8f4f163658329fdea3233c51,8192,0,3,interior,50000,0.4,0.37,grid_resolution,0.4,0.0
0.030000000000000027,ou_poisson,0.030000000000000027,3401464453,37,1000.0,particle,038b30e610ee34ad8d040615abd96b3fdcf7d83e8f4f163658329fdea3233c51,8192,0,3,interior,100000,0.4,0.37,grid_resolution,0.4,0.0
0.09963385951402154,ou_poisson,0.09963385951402154,1823542514,19,250.0,score_root,3e372aa3739f8d064e60fda760e397931e512446f6986a4a077e3f19f4df054f,,1,4,interpolated_root,25000,0.46963385951402153,0.37,seed_repeat,0.457535183216952,0.01209867629706951
0.11140084103894338,ou_poisson,0.11140084103894338,1823542514,19,500.0,score_root,3e372aa3739f8d064e60fda760e397931e512446f6986a4a077e3f19f4df054f,,1,4,interpolated_root,50000,0.4814008410389434,0.37,seed_repeat,0.4669440979005437,0.014456743138399675
0.028023128423214694,ou_poisson,0.028023128423214694,1823542514,19,1000.0,score_root,3e372aa3739f8d064e60fda760e397931e512446f6986a4a077e3f19f4df054f,,1,4,interpolated_root,100000,0.3980231284232147,0.37,seed_repeat,0.39167030345630843,0.006352824966906256
0.18000000000000005,ou_poisson,0.18000000000000005,370060524,19,250.0,particle,3e372aa3739f8d064e60fda760e397931e512446f6986a4a077e3f19f4df054f,8192,1,4,interior,25000,0.55,0.37,seed_repeat,0.45000000000000007,0.09999999999999998
0.030000000000000027,ou_poisson,0.030000000000000027,370060524,19,500.0,particle,3e372aa3739f8d064e60fda760e397931e512446f6986a4a077e3f19f4df054f,8192,1,4,interior,50000,0.4,0.37,seed_repeat,0.4,0.0
0.030000000000000027,ou_poisson,0.030000000000000027,370060524,19,1000.0,particle,3e372aa3739f8d064e60fda760e397931e512446f6986a4a077e3f19f4df054f,8192,1,4,interior,100000,0.4,0.37,seed_repeat,0.4,0.0
0.13,ou_poisson,0.13,1710758343,19,250.0,particle,3e372aa3739f8d064e60fda760e397931e512446f6986a4a077e3f19f4df054f,16384,0,4,interior,25000,0.5,0.37,particle_count,0.45000000000000007,0.04999999999999993
0.13,ou_poisson,0.13,1710758343,19,500.0,particle,3e372aa3739f8d064e60fda760e397931e512446f6986a4a077e3f19f4df054f,16384,0,4,interior,50000,0.5,0.37,particle_count,0.4,0.09999999999999998
0.020000000000000018,ou_poisson,-0.020000000000000018,1710758343,19,1000.0,particle,3e372aa3739f8d064e60fda760e397931e512446f6986a4a077e3f19f4df054f,16384,0,4,interior,100000,0.35,0.37,particle_count,0.4,0.050000000000000044
0.05500000000000005,ou_poisson,0.05500000000000005,1710758343,37,250.0,particle,3e372aa3739f8d064e60fda760e397931e512446f6986a4a077e3f19f4df054f,8192,0,4,interior,25000,0.42500000000000004,0.37,grid_resolution,0.45000000000000007,0.025000000000000022
0.10499999999999998,ou_poisson,0.10499999999999998,1710758343,37,500.0,particle,3e372aa3739f8d064e60fda760e397931e512446f6986a4a077e3f19f4df054f,8192,0,4,interior,50000,0.475,0.37,grid_resolution,0.4,0.07499999999999996
0.0050000000000000044,ou_poisson,0.0050000000000000044,1710758343,37,1000.0,particle,3e372aa3739f8d064e60fda760e397931e512446f6986a4a077e3f19f4df054f,8192,0,4,interior,100000,0.375,0.37,grid_resolution,0.4,0.025000000000000022
