case,method,step,horizon,replicates,mae,rmse,bias,estimate_sd,boundary_rate,missing_root_rate,delta_mae_vs_baseline,paired_delta_mcse,paired_ci_low,paired_ci_high,family_ci_low,family_ci_high
ou_linear_gaussian,score_root,25000,250.0,40,0.06864042473865331,0.08732356436818829,0.020538532194113498,0.08595510807617043,0.0,0.0,0.007046175365239599,0.0055699267567870065,-0.0033172115398202844,0.018273904144151892,-0.007206869697487198,0.023395590307093764
ou_linear_gaussian,kalman,25000,250.0,40,0.06159424937341372,0.07589958445111411,0.01320628856305483,0.07569399164748392,0.0,,,,,,,
ou_linear_gaussian,score_root,50000,500.0,40,0.04188209735997519,0.0547615718647654,0.018335931468117163,0.05225797321372634,0.0,0.0,0.003502693838773481,0.004150575642319227,-0.004165467166881179,0.011887176124074155,-0.007110394610874566,0.0160170350525471
ou_linear_gaussian,kalman,50000,500.0,40,0.038379403521201706,0.04462521596744654,0.009686017391308189,0.04411629116192352,0.0,,,,,,,
ou_linear_gaussian,score_root,100000,1000.0,40,0.025918779928943435,0.03252686673627532,0.007343095760917828,0.03209083269249726,0.0,0.0,0.003005562757051476,0.0027907093878472558,-0.0022186156636310873,0.008600824844791138,-0.004064121851723344,0.011055231239274566
ou_linear_gaussian,kalman,100000,1000.0,40,0.02291321717189196,0.02813877375380438,0.0010757683858464858,0.02847641058387339,0.0,,,,,,,
ou_nonlinear_gaussian,score_root,25000,250.0,40,0.05425725550130532,0.0678920295160073,-0.00402597184750189,0.0686359345404546,0.0,0.0,-0.006992744498694678,0.007284251771756165,-0.02101912485889749,0.007001837849766039,-0.026959565118171464,0.012496405011278787
ou_nonlinear_gaussian,particle,25000,250.0,40,0.061250000000000006,0.0768927824961485,-0.006249999999999978,0.07761467942044509,0.0,,,,,,,
ou_nonlinear_gaussian,score_root,50000,500.0,40,0.03971236284327308,0.049006354452947404,0.0029092922594354835,0.04954313112179002,0.0,0.0,-0.011037637156726936,0.006109632930026171,-0.02271936819099382,0.0009309380183430391,-0.02731507315754693,0.00595435194691048
ou_nonlinear_gaussian,particle,50000,500.0,40,0.05075,0.05777110004145672,-0.0012499999999999705,0.05849337021384868,0.0,,,,,,,
ou_nonlinear_gaussian,score_root,100000,1000.0,40,0.026074123094376622,0.03258212328491095,0.004375870358934964,0.032698255522430934,0.0,0.0,-0.011925876905623398,0.0038598146595435778,-0.019528611038868875,-0.004589400271789562,-0.022651741779329382,-0.0016565389112467405
ou_nonlinear_gaussian,particle,100000,1000.0,40,0.03800000000000002,0.04387482193696063,0.0075000000000000205,0.04377975178854567,0.0,,,,,,,
ou_poisson,score_root,25000,250.0,40,0.045093421276990245,0.05513152175714884,0.015884490732790957,0.053466190087576616,0.0,0.0,-0.011156578723009779,0.005621968160809931,-0.022333245877025083,-0.0004924731727022664,-0.027249079102354606,0.003788500014929872
ou_poisson,particle,25000,250.0,40,0.05625000000000002,0.07356969484781083,0.018750000000000013,0.07204654834345035,0.0,,,,,,,
ou_poisson,score_root,50000,500.0,40,0.03098926987923844,0.03841569744515353,0.011447372759245006,0.03713762991910884,0.0,0.0,-0.007010730120761583,0.00473804581114982,-0.01630911178895565,0.002109582176280488,-0.020251137019046263,0.005881621310871105
ou_poisson,particle,50000,500.0,40,0.03800000000000002,0.04527692569068711,0.007500000000000018,0.04522025867763028,0.0,,,,,,,
ou_poisson,score_root,100000,1000.0,40,0.018444348036266534,0.024650343874465276,0.007058574693747552,0.02391900813530087,0.0,0.0,-0.015055651963733489,0.003732792833604982,-0.022533189567468245,-0.008023814452409123,-0.02588006232609362,-0.00537851458417265
ou_poisson,particle,100000,1000.0,40,0.033500000000000016,0.040311288741492764,0.0025000000000000105,0.04074624412453756,0.0,,,,,,,
