case,method,variant,records,median_absolute_shift,maximum_absolute_shift,primary_subset_mae,check_subset_mae
ou_linear_gaussian,score_root,seed_repeat,5,0.016180891132726416,0.041179647317025836,0.05117195022416958,0.045089120654361284
ou_nonlinear_gaussian,score_root,seed_repeat,5,0.014008913804909706,0.03024205020357784,0.02749394134921367,0.029755618883520886
ou_nonlinear_gaussian,particle,seed_repeat,5,0.050000000000000044,0.09999999999999998,0.03400000000000001,0.04800000000000004
ou_nonlinear_gaussian,particle,particle_count,5,0.04999999999999993,0.050000000000000044,0.03400000000000001,0.03600000000000001
ou_nonlinear_gaussian,particle,grid_resolution,5,0.024999999999999967,0.025000000000000022,0.03400000000000001,0.039000000000000014
ou_poisson,score_root,seed_repeat,5,0.01073147813648051,0.017215641795968573,0.03471240975310349,0.028662003286234007
ou_poisson,particle,seed_repeat,5,0.0,0.050000000000000044,0.026000000000000023,0.028000000000000025
ou_poisson,particle,particle_count,5,0.050000000000000044,0.050000000000000044,0.026000000000000023,0.04600000000000004
ou_poisson,particle,grid_resolution,5,0.024999999999999967,0.025000000000000022,0.026000000000000023,0.031000000000000017
