case,replicate,primary_particles,check_particles,theta_primary,theta_check,absolute_difference,cpu_s
ou_nonlinear_gaussian,0,4096,8192,0.4,0.45000000000000007,0.050000000000000044,135.80582
ou_nonlinear_gaussian,1,4096,8192,0.45000000000000007,0.45000000000000007,0.0,141.35752200000002
ou_nonlinear_gaussian,2,4096,8192,0.35,0.4,0.050000000000000044,131.95101899999997
ou_nonlinear_gaussian,3,4096,8192,0.35,0.4,0.050000000000000044,129.333187
ou_nonlinear_gaussian,4,4096,8192,0.45000000000000007,0.30000000000000004,0.15000000000000002,131.48530399999999
ou_poisson,0,4096,8192,0.6,0.65,0.050000000000000044,154.85974299999998
ou_poisson,1,4096,8192,0.35,0.4,0.050000000000000044,151.85706900000002
ou_poisson,2,4096,8192,0.4,0.35,0.050000000000000044,151.74368199999998
ou_poisson,3,4096,8192,0.45000000000000007,0.45000000000000007,0.0,153.894787
ou_poisson,4,4096,8192,0.4,0.35,0.050000000000000044,141.92016500000005
