case,replicate,method,theta_true,theta_hat,error,absolute_error,cpu_s,status,enkf_loglik_argmax_theta
ou_linear_gaussian,0,score_root,0.37,0.3730725759658375,0.0030725759658374874,0.0030725759658374874,42.007774000000005,interpolated_root,0.25
ou_linear_gaussian,0,kalman,0.37,0.2938228103297365,-0.07617718967026349,0.07617718967026349,0.16282700000000006,interior,
ou_linear_gaussian,1,score_root,0.37,0.4994020591709948,0.1294020591709948,0.1294020591709948,42.48739,interpolated_root,0.45000000000000007
ou_linear_gaussian,1,kalman,0.37,0.47155738864460567,0.10155738864460567,0.10155738864460567,0.1597539999999995,interior,
ou_linear_gaussian,2,score_root,0.37,0.39672337271634084,0.026723372716340843,0.026723372716340843,41.688816,interpolated_root,0.4
ou_linear_gaussian,2,kalman,0.37,0.38989463105762323,0.019894631057623235,0.019894631057623235,0.17836800000000608,interior,
ou_linear_gaussian,3,score_root,0.37,0.4349090124111127,0.06490901241111269,0.06490901241111269,41.625064,interpolated_root,0.35
ou_linear_gaussian,3,kalman,0.37,0.3733282326268833,0.0033282326268833096,0.0033282326268833096,0.1726500000000044,interior,
ou_linear_gaussian,4,score_root,0.37,0.3169508415506455,-0.05304915844935448,0.05304915844935448,46.456512,interpolated_root,0.4
ou_linear_gaussian,4,kalman,0.37,0.34445037750543234,-0.02554962249456766,0.02554962249456766,0.19961299999999937,interior,
ou_linear_gaussian,5,score_root,0.37,0.2850965007730414,-0.08490349922695861,0.08490349922695861,46.71534200000001,interpolated_root,0.30000000000000004
ou_linear_gaussian,5,kalman,0.37,0.283395393949078,-0.08660460605092202,0.08660460605092202,0.2028749999999917,interior,
ou_linear_gaussian,6,score_root,0.37,0.3891532867546522,0.01915328675465222,0.01915328675465222,47.175002000000006,interpolated_root,0.4
ou_linear_gaussian,6,kalman,0.37,0.3786617135858315,0.00866171358583151,0.00866171358583151,0.2032920000000047,interior,
ou_linear_gaussian,7,score_root,0.37,0.41056750005990433,0.04056750005990434,0.04056750005990434,47.678670000000004,interpolated_root,0.4
ou_linear_gaussian,7,kalman,0.37,0.3643533112929179,-0.00564668870708207,0.00564668870708207,0.21868299999999863,interior,
ou_linear_gaussian,8,score_root,0.37,0.4072731727887764,0.0372731727887764,0.0372731727887764,64.64052000000001,interpolated_root,0.4
ou_linear_gaussian,8,kalman,0.37,0.36379518762683627,-0.006204812373163726,0.006204812373163726,0.2514539999999954,interior,
ou_linear_gaussian,9,score_root,0.37,0.3550718023586819,-0.014928197641318086,0.014928197641318086,65.050516,interpolated_root,0.35
ou_linear_gaussian,9,kalman,0.37,0.3367323940453596,-0.0332676059546404,0.0332676059546404,0.262551000000002,interior,
ou_linear_gaussian,10,score_root,0.37,0.30915624364062666,-0.060843756359373335,0.060843756359373335,65.61327299999999,interpolated_root,0.35
ou_linear_gaussian,10,kalman,0.37,0.32968095999316926,-0.04031904000683073,0.04031904000683073,0.24775999999999954,interior,
ou_linear_gaussian,11,score_root,0.37,0.3320188724533931,-0.037981127546606874,0.037981127546606874,66.31164199999999,interpolated_root,0.35
ou_linear_gaussian,11,kalman,0.37,0.33661877867379725,-0.03338122132620275,0.03338122132620275,0.24558000000001812,interior,
ou_linear_gaussian,12,score_root,0.37,0.30832293572643277,-0.06167706427356723,0.06167706427356723,62.58127000000002,interpolated_root,0.35
ou_linear_gaussian,12,kalman,0.37,0.3472254934262441,-0.022774506573755904,0.022774506573755904,0.2292759999999987,interior,
ou_linear_gaussian,13,score_root,0.37,0.40546469975502863,0.03546469975502864,0.03546469975502864,62.87226800000002,interpolated_root,0.35
ou_linear_gaussian,13,kalman,0.37,0.38979220609906595,0.019792206099065957,0.019792206099065957,0.23617400000000544,interior,
ou_linear_gaussian,14,score_root,0.37,0.4038995179342339,0.0338995179342339,0.0338995179342339,63.199949000000004,interpolated_root,0.35
ou_linear_gaussian,14,kalman,0.37,0.3548198499982174,-0.015180150001782577,0.015180150001782577,0.22704299999998057,interior,
ou_linear_gaussian,15,score_root,0.37,0.3031629170763689,-0.06683708292363111,0.06683708292363111,63.285810999999995,interpolated_root,0.30000000000000004
ou_linear_gaussian,15,kalman,0.37,0.32464698200354997,-0.04535301799645003,0.04535301799645003,0.2149400000000128,interior,
ou_linear_gaussian,16,score_root,0.37,0.4006850261938329,0.0306850261938329,0.0306850261938329,62.78742700000001,interpolated_root,0.35
ou_linear_gaussian,16,kalman,0.37,0.3783397128724512,0.008339712872451222,0.008339712872451222,0.24458500000002914,interior,
ou_linear_gaussian,17,score_root,0.37,0.2441464072007602,-0.1258535927992398,0.1258535927992398,63.03272800000002,interpolated_root,0.25
ou_linear_gaussian,17,kalman,0.37,0.26096593593839384,-0.10903406406160615,0.10903406406160615,0.24246600000003582,interior,
ou_linear_gaussian,18,score_root,0.37,0.36466917559785367,-0.005330824402146328,0.005330824402146328,64.01722900000001,interpolated_root,0.35
ou_linear_gaussian,18,kalman,0.37,0.38204114854815446,0.012041148548154468,0.012041148548154468,0.2836669999999799,interior,
ou_linear_gaussian,19,score_root,0.37,0.39152445720568074,0.021524457205680747,0.021524457205680747,64.76127,interpolated_root,0.4
ou_linear_gaussian,19,kalman,0.37,0.4214947818830978,0.05149478188309781,0.05149478188309781,0.21983499999998912,interior,
ou_linear_gaussian,20,score_root,0.37,0.32439709452351384,-0.045602905476486155,0.045602905476486155,61.69223199999999,interpolated_root,0.35
ou_linear_gaussian,20,kalman,0.37,0.35042647462034,-0.019573525379660006,0.019573525379660006,0.2333889999999883,interior,
ou_linear_gaussian,21,score_root,0.37,0.3834780895597583,0.013478089559758322,0.013478089559758322,61.92006500000002,interpolated_root,0.35
ou_linear_gaussian,21,kalman,0.37,0.3546983094280342,-0.015301690571965787,0.015301690571965787,0.22993900000000167,interior,
ou_linear_gaussian,22,score_root,0.37,0.3305289508676426,-0.03947104913235738,0.03947104913235738,62.18213800000001,interpolated_root,0.35
ou_linear_gaussian,22,kalman,0.37,0.32626117293127416,-0.04373882706872584,0.04373882706872584,0.22986200000002555,interior,
ou_linear_gaussian,23,score_root,0.37,0.423486504978411,0.05348650497841101,0.05348650497841101,62.601477999999986,interpolated_root,0.35
ou_linear_gaussian,23,kalman,0.37,0.36355968494348995,-0.006440315056510049,0.006440315056510049,0.22421500000001515,interior,
ou_linear_gaussian,24,score_root,0.37,0.5975246775533604,0.22752467755336037,0.22752467755336037,60.565995999999984,interpolated_root,0.55
ou_linear_gaussian,24,kalman,0.37,0.560977540217472,0.19097754021747204,0.19097754021747204,0.2436270000000036,interior,
ou_linear_gaussian,25,score_root,0.37,0.3130499902954567,-0.05695000970454328,0.05695000970454328,60.554115000000024,interpolated_root,0.30000000000000004
ou_linear_gaussian,25,kalman,0.37,0.3159949114089366,-0.0540050885910634,0.0540050885910634,0.23082299999998668,interior,
ou_linear_gaussian,26,score_root,0.37,0.3689842606493565,-0.0010157393506434742,0.0010157393506434742,60.77074700000003,interpolated_root,0.35
ou_linear_gaussian,26,kalman,0.37,0.3492850643387466,-0.020714935661253375,0.020714935661253375,0.22226399999999558,interior,
ou_linear_gaussian,27,score_root,0.37,0.2896593780030571,-0.08034062199694292,0.08034062199694292,60.680139,interpolated_root,0.30000000000000004
ou_linear_gaussian,27,kalman,0.37,0.30798118735319535,-0.062018812646804644,0.062018812646804644,0.17624899999998433,interior,
ou_linear_gaussian,28,score_root,0.37,0.4445632238161311,0.07456322381613112,0.07456322381613112,42.188308000000006,interpolated_root,0.45000000000000007
ou_linear_gaussian,28,kalman,0.37,0.4786285593040224,0.10862855930402243,0.10862855930402243,0.1547050000000354,interior,
ou_linear_gaussian,29,score_root,0.37,0.4283810963988734,0.0583810963988734,0.0583810963988734,41.663746,interpolated_root,0.4
ou_linear_gaussian,29,kalman,0.37,0.41236459037533596,0.042364590375335964,0.042364590375335964,0.12430299999999761,interior,
ou_nonlinear_gaussian,0,score_root,0.37,0.4738683351408972,0.10386833514089722,0.10386833514089722,64.912996,interpolated_root,0.45000000000000007
ou_nonlinear_gaussian,0,particle_4096,0.37,0.4,0.030000000000000027,0.030000000000000027,65.799942,interior,
ou_nonlinear_gaussian,1,score_root,0.37,0.4651807328729845,0.09518073287298451,0.09518073287298451,65.06058700000001,interpolated_root,0.45000000000000007
ou_nonlinear_gaussian,1,particle_4096,0.37,0.45000000000000007,0.08000000000000007,0.08000000000000007,69.341351,interior,
ou_nonlinear_gaussian,2,score_root,0.37,0.4477240752656531,0.07772407526565311,0.07772407526565311,65.465451,interpolated_root,0.5
ou_nonlinear_gaussian,2,particle_4096,0.37,0.35,-0.020000000000000018,0.020000000000000018,64.143058,interior,
ou_nonlinear_gaussian,3,score_root,0.37,0.44465808769771764,0.07465808769771765,0.07465808769771765,65.323254,interpolated_root,0.55
ou_nonlinear_gaussian,3,particle_4096,0.37,0.35,-0.020000000000000018,0.020000000000000018,62.913470000000004,interior,
ou_nonlinear_gaussian,4,score_root,0.37,0.39834429577432845,0.028344295774328454,0.028344295774328454,73.54412100000002,interpolated_root,0.4
ou_nonlinear_gaussian,4,particle_4096,0.37,0.45000000000000007,0.08000000000000007,0.08000000000000007,71.68521100000004,interior,
ou_nonlinear_gaussian,5,score_root,0.37,0.41169597716526163,0.04169597716526163,0.04169597716526163,73.040663,interpolated_root,0.4
ou_nonlinear_gaussian,5,particle_4096,0.37,0.30000000000000004,-0.06999999999999995,0.06999999999999995,68.95430599999997,interior,
ou_nonlinear_gaussian,6,score_root,0.37,0.24261981942240934,-0.12738018057759065,0.12738018057759065,72.51852500000001,interpolated_root,0.4
ou_nonlinear_gaussian,6,particle_4096,0.37,0.25,-0.12,0.12,68.91637700000001,interior,
ou_nonlinear_gaussian,7,score_root,0.37,0.46202616640877353,0.09202616640877354,0.09202616640877354,72.00679500000001,interpolated_root,0.5
ou_nonlinear_gaussian,7,particle_4096,0.37,0.5,0.13,0.13,74.69413099999997,interior,
ou_nonlinear_gaussian,8,score_root,0.37,0.39251657881703483,0.022516578817034838,0.022516578817034838,81.485053,interpolated_root,0.45000000000000007
ou_nonlinear_gaussian,8,particle_4096,0.37,0.35,-0.020000000000000018,0.020000000000000018,71.24688400000002,interior,
ou_nonlinear_gaussian,9,score_root,0.37,0.42725185173449803,0.05725185173449804,0.05725185173449804,81.39244100000002,interpolated_root,0.4
ou_nonlinear_gaussian,9,particle_4096,0.37,0.4,0.030000000000000027,0.030000000000000027,71.65814199999994,interior,
ou_nonlinear_gaussian,10,score_root,0.37,0.47255902614435075,0.10255902614435075,0.10255902614435075,81.088484,interpolated_root,0.5
ou_nonlinear_gaussian,10,particle_4096,0.37,0.55,0.18000000000000005,0.18000000000000005,73.26410000000004,interior,
ou_nonlinear_gaussian,11,score_root,0.37,0.4588279576195356,0.0888279576195356,0.0888279576195356,73.27953100000002,interpolated_root,0.5
ou_nonlinear_gaussian,11,particle_4096,0.37,0.5,0.13,0.13,63.33288300000004,interior,
ou_nonlinear_gaussian,12,score_root,0.37,0.30092511882328743,-0.06907488117671257,0.06907488117671257,69.40421400000002,interpolated_root,0.4
ou_nonlinear_gaussian,12,particle_4096,0.37,0.4,0.030000000000000027,0.030000000000000027,63.55191100000002,interior,
ou_nonlinear_gaussian,13,score_root,0.37,0.37970378147905864,0.009703781479058649,0.009703781479058649,69.086499,interpolated_root,0.4
ou_nonlinear_gaussian,13,particle_4096,0.37,0.35,-0.020000000000000018,0.020000000000000018,65.54530899999997,interior,
ou_nonlinear_gaussian,14,score_root,0.37,0.31471606169245886,-0.055283938307541136,0.055283938307541136,70.623872,interpolated_root,0.4
ou_nonlinear_gaussian,14,particle_4096,0.37,0.35,-0.020000000000000018,0.020000000000000018,68.20643400000006,interior,
ou_nonlinear_gaussian,15,score_root,0.37,0.3083674909541362,-0.061632509045863815,0.061632509045863815,70.16130899999996,interpolated_root,0.45000000000000007
ou_nonlinear_gaussian,15,particle_4096,0.37,0.30000000000000004,-0.06999999999999995,0.06999999999999995,59.702674,interior,
ou_nonlinear_gaussian,16,score_root,0.37,0.5317057436877451,0.16170574368774515,0.16170574368774515,69.40284499999996,interpolated_root,0.5
ou_nonlinear_gaussian,16,particle_4096,0.37,0.4,0.030000000000000027,0.030000000000000027,64.25079800000003,interior,
ou_nonlinear_gaussian,17,score_root,0.37,0.39114880048387124,0.021148800483871244,0.021148800483871244,69.76672099999996,interpolated_root,0.35
ou_nonlinear_gaussian,17,particle_4096,0.37,0.25,-0.12,0.12,65.15771199999995,interior,
ou_nonlinear_gaussian,18,score_root,0.37,0.41358160722086157,0.04358160722086157,0.04358160722086157,72.12526200000002,interpolated_root,0.5
ou_nonlinear_gaussian,18,particle_4096,0.37,0.6,0.22999999999999998,0.22999999999999998,67.73111999999992,interior,
ou_nonlinear_gaussian,19,score_root,0.37,0.4295784323526201,0.059578432352620114,0.059578432352620114,71.95924600000001,interpolated_root,0.45000000000000007
ou_nonlinear_gaussian,19,particle_4096,0.37,0.5,0.13,0.13,64.75615900000003,interior,
ou_nonlinear_gaussian,20,score_root,0.37,0.4268032839600962,0.05680328396009621,0.05680328396009621,70.28448199999991,interpolated_root,0.45000000000000007
ou_nonlinear_gaussian,20,particle_4096,0.37,0.45000000000000007,0.08000000000000007,0.08000000000000007,66.48629700000004,interior,
ou_nonlinear_gaussian,21,score_root,0.37,0.24001627569002187,-0.12998372430997812,0.12998372430997812,70.09872600000006,interpolated_root,0.35
ou_nonlinear_gaussian,21,particle_4096,0.37,0.30000000000000004,-0.06999999999999995,0.06999999999999995,63.026688000000036,interior,
ou_nonlinear_gaussian,22,score_root,0.37,0.3713048494205724,0.001304849420572407,0.001304849420572407,73.41962000000001,interpolated_root,0.4
ou_nonlinear_gaussian,22,particle_4096,0.37,0.45000000000000007,0.08000000000000007,0.08000000000000007,71.357081,interior,
ou_nonlinear_gaussian,23,score_root,0.37,0.4227878004292047,0.05278780042920472,0.05278780042920472,79.44869399999993,interpolated_root,0.5
ou_nonlinear_gaussian,23,particle_4096,0.37,0.35,-0.020000000000000018,0.020000000000000018,64.16605400000003,interior,
ou_nonlinear_gaussian,24,score_root,0.37,0.40076753571891044,0.030767535718910444,0.030767535718910444,79.29846199999997,interpolated_root,0.5
ou_nonlinear_gaussian,24,particle_4096,0.37,0.5,0.13,0.13,68.14860599999997,interior,
ou_nonlinear_gaussian,25,score_root,0.37,0.39659467665001674,0.026594676650016746,0.026594676650016746,79.09041200000001,interpolated_root,0.45000000000000007
ou_nonlinear_gaussian,25,particle_4096,0.37,0.30000000000000004,-0.06999999999999995,0.06999999999999995,68.98659799999996,interior,
ou_nonlinear_gaussian,26,score_root,0.37,0.3373981416183043,-0.032601858381695714,0.032601858381695714,79.03336699999988,interpolated_root,0.35
ou_nonlinear_gaussian,26,particle_4096,0.37,0.25,-0.12,0.12,67.47259800000006,interior,
ou_nonlinear_gaussian,27,score_root,0.37,0.38278536157740517,0.012785361577405174,0.012785361577405174,74.21853899999996,interpolated_root,0.5
ou_nonlinear_gaussian,27,particle_4096,0.37,0.5,0.13,0.13,56.41973999999982,interior,
ou_nonlinear_gaussian,28,score_root,0.37,0.3647695357290196,-0.005230464270980395,0.005230464270980395,67.83530700000006,interpolated_root,0.45000000000000007
ou_nonlinear_gaussian,28,particle_4096,0.37,0.35,-0.020000000000000018,0.020000000000000018,54.158031000000165,interior,
ou_nonlinear_gaussian,29,score_root,0.37,0.4502239738720034,0.08022397387200342,0.08022397387200342,66.98253499999987,interpolated_root,0.55
ou_nonlinear_gaussian,29,particle_4096,0.37,0.55,0.18000000000000005,0.18000000000000005,51.87277999999992,interior,
ou_poisson,0,score_root,0.37,0.6135472547420017,0.24354725474200167,0.24354725474200167,71.68945,interpolated_root,0.6
ou_poisson,0,particle_4096,0.37,0.6,0.22999999999999998,0.22999999999999998,77.56290399999999,interior,
ou_poisson,1,score_root,0.37,0.3557706134265391,-0.0142293865734609,0.0142293865734609,71.550383,interpolated_root,0.35
ou_poisson,1,particle_4096,0.37,0.35,-0.020000000000000018,0.020000000000000018,75.71254100000002,interior,
ou_poisson,2,score_root,0.37,0.41786315939158075,0.047863159391580756,0.047863159391580756,72.138952,interpolated_root,0.4
ou_poisson,2,particle_4096,0.37,0.4,0.030000000000000027,0.030000000000000027,75.71182199999998,interior,
ou_poisson,3,score_root,0.37,0.46563108862707536,0.09563108862707537,0.09563108862707537,72.066834,interpolated_root,0.45000000000000007
ou_poisson,3,particle_4096,0.37,0.45000000000000007,0.08000000000000007,0.08000000000000007,76.77313300000002,interior,
ou_poisson,4,score_root,0.37,0.424840359663258,0.05484035966325801,0.05484035966325801,66.49621199999996,interpolated_root,0.4
ou_poisson,4,particle_4096,0.37,0.4,0.030000000000000027,0.030000000000000027,76.49085500000001,interior,
ou_poisson,5,score_root,0.37,0.45309763083307897,0.08309763083307897,0.08309763083307897,67.15362399999998,interpolated_root,0.45000000000000007
ou_poisson,5,particle_4096,0.37,0.45000000000000007,0.08000000000000007,0.08000000000000007,76.27003300000001,interior,
ou_poisson,6,score_root,0.37,0.49390289674930266,0.12390289674930266,0.12390289674930266,66.67706699999997,interpolated_root,0.5
ou_poisson,6,particle_4096,0.37,0.45000000000000007,0.08000000000000007,0.08000000000000007,77.139024,interior,
ou_poisson,7,score_root,0.37,0.4083674975386725,0.038367497538672524,0.038367497538672524,66.83074500000004,interpolated_root,0.4
ou_poisson,7,particle_4096,0.37,0.4,0.030000000000000027,0.030000000000000027,77.579901,interior,
ou_poisson,8,score_root,0.37,0.5215956925485594,0.15159569254855942,0.15159569254855942,70.03795500000001,interpolated_root,0.55
ou_poisson,8,particle_4096,0.37,0.6,0.22999999999999998,0.22999999999999998,80.546967,interior,
ou_poisson,9,score_root,0.37,0.3064504557157723,-0.06354954428422771,0.06354954428422771,70.08342699999997,interpolated_root,0.30000000000000004
ou_poisson,9,particle_4096,0.37,0.25,-0.12,0.12,79.252929,interior,
ou_poisson,10,score_root,0.37,0.40385908191175907,0.03385908191175907,0.03385908191175907,70.36015000000003,interpolated_root,0.35
ou_poisson,10,particle_4096,0.37,0.4,0.030000000000000027,0.030000000000000027,81.12492399999996,interior,
ou_poisson,11,score_root,0.37,0.35849235366618387,-0.011507646333816124,0.011507646333816124,71.46994499999994,interpolated_root,0.35
ou_poisson,11,particle_4096,0.37,0.45000000000000007,0.08000000000000007,0.08000000000000007,80.09543900000006,interior,
ou_poisson,12,score_root,0.37,0.36850026751835185,-0.0014997324816481417,0.0014997324816481417,71.61528299999998,interpolated_root,0.4
ou_poisson,12,particle_4096,0.37,0.45000000000000007,0.08000000000000007,0.08000000000000007,80.21088299999997,interior,
ou_poisson,13,score_root,0.37,0.2892829529468448,-0.08071704705315519,0.08071704705315519,71.085107,interpolated_root,0.30000000000000004
ou_poisson,13,particle_4096,0.37,0.35,-0.020000000000000018,0.020000000000000018,79.298678,interior,
ou_poisson,14,score_root,0.37,0.3476890035679204,-0.02231099643207962,0.02231099643207962,71.07944699999996,interpolated_root,0.35
ou_poisson,14,particle_4096,0.37,0.35,-0.020000000000000018,0.020000000000000018,79.39039100000002,interior,
ou_poisson,15,score_root,0.37,0.38764762153904075,0.01764762153904076,0.01764762153904076,68.05724599999996,interpolated_root,0.4
ou_poisson,15,particle_4096,0.37,0.35,-0.020000000000000018,0.020000000000000018,82.30662500000005,interior,
ou_poisson,16,score_root,0.37,0.4114331518793655,0.041433151879365526,0.041433151879365526,68.01130799999999,interpolated_root,0.4
ou_poisson,16,particle_4096,0.37,0.35,-0.020000000000000018,0.020000000000000018,83.81263799999999,interior,
ou_poisson,17,score_root,0.37,0.3537776261128927,-0.01622237388710729,0.01622237388710729,67.61243300000001,interpolated_root,0.35
ou_poisson,17,particle_4096,0.37,0.4,0.030000000000000027,0.030000000000000027,84.04337100000009,interior,
ou_poisson,18,score_root,0.37,0.41849217549771284,0.04849217549771284,0.04849217549771284,68.15072299999997,interpolated_root,0.4
ou_poisson,18,particle_4096,0.37,0.4,0.030000000000000027,0.030000000000000027,84.77269000000001,interior,
ou_poisson,19,score_root,0.37,0.3439248504393618,-0.026075149560638222,0.026075149560638222,72.12233700000002,interpolated_root,0.30000000000000004
ou_poisson,19,particle_4096,0.37,0.30000000000000004,-0.06999999999999995,0.06999999999999995,85.726362,interior,
ou_poisson,20,score_root,0.37,0.3727828850915491,0.0027828850915491143,0.0027828850915491143,71.62547499999994,interpolated_root,0.35
ou_poisson,20,particle_4096,0.37,0.4,0.030000000000000027,0.030000000000000027,87.06892000000005,interior,
ou_poisson,21,score_root,0.37,0.34870227087502925,-0.021297729124970743,0.021297729124970743,71.02551500000004,interpolated_root,0.35
ou_poisson,21,particle_4096,0.37,0.35,-0.020000000000000018,0.020000000000000018,87.02249099999995,interior,
ou_poisson,22,score_root,0.37,0.41719552779396085,0.047195527793960856,0.047195527793960856,71.843748,interpolated_root,0.4
ou_poisson,22,particle_4096,0.37,0.4,0.030000000000000027,0.030000000000000027,87.90330100000006,interior,
ou_poisson,23,score_root,0.37,0.38776366614767976,0.01776366614767977,0.01776366614767977,72.77440000000001,interpolated_root,0.4
ou_poisson,23,particle_4096,0.37,0.45000000000000007,0.08000000000000007,0.08000000000000007,83.79626099999996,interior,
ou_poisson,24,score_root,0.37,0.38959256419860705,0.019592564198607054,0.019592564198607054,72.36437699999988,interpolated_root,0.4
ou_poisson,24,particle_4096,0.37,0.45000000000000007,0.08000000000000007,0.08000000000000007,84.31418099999996,interior,
ou_poisson,25,score_root,0.37,0.38337555184774513,0.013375551847745137,0.013375551847745137,72.77064099999984,interpolated_root,0.4
ou_poisson,25,particle_4096,0.37,0.4,0.030000000000000027,0.030000000000000027,84.80542999999989,interior,
ou_poisson,26,score_root,0.37,0.3884208138731478,0.018420813873147812,0.018420813873147812,72.49645400000009,interpolated_root,0.4
ou_poisson,26,particle_4096,0.37,0.35,-0.020000000000000018,0.020000000000000018,84.302011,interior,
ou_poisson,27,score_root,0.37,0.3593268026444998,-0.010673197355500208,0.010673197355500208,65.23317799999995,interpolated_root,0.35
ou_poisson,27,particle_4096,0.37,0.4,0.030000000000000027,0.030000000000000027,68.92100800000003,interior,
ou_poisson,28,score_root,0.37,0.4428942911697529,0.07289429116975288,0.07289429116975288,62.59912299999996,interpolated_root,0.45000000000000007
ou_poisson,28,particle_4096,0.37,0.45000000000000007,0.08000000000000007,0.08000000000000007,69.23327100000006,interior,
ou_poisson,29,score_root,0.37,0.27949193497735947,-0.09050806502264053,0.09050806502264053,62.837929999999915,interpolated_root,0.30000000000000004
ou_poisson,29,particle_4096,0.37,0.25,-0.12,0.12,68.26861299999996,interior,
